Symbol,Name,MSCI ESG Rtg Overall Company Rating,MSCI ESG Rtg Overall Industry-Adjusted Company Score,MSCI ESG Rtg Score Environmental,MSCI ESG Rtg Score Social,MSCI ESG Rtg Score Governance
A,"Agilent Technologies, Inc.",AAA,8.8,10.0,6.6,5.9
AAL,"American Airlines Group, Inc.",CCC,0.7,3.3,2.5,5.7
AAN,Aaron's Company Inc,@NA,#N/A,#N/A,#N/A,#N/A
AAOI,"Applied Optoelectronics, Inc.",@NA,#N/A,#N/A,#N/A,#N/A
AAON,"AAON, Inc.",A,5.8,5.5,8.4,5.7
AAP,"Advance Auto Parts, Inc.",BBB,4.6,2.0,3.8,6.6
AAPL,Apple Inc.,A,6.4,3.6,5.8,4.8
AAT,"American Assets Trust, Inc.",BB,3.2,6.3,1.4,5.9
AAWW,"Atlas Air Worldwide Holdings, Inc.",B,1.8,1.4,6.7,6.6
ABBV,"AbbVie, Inc.",A,6.8,4.9,5.0,5.6
ABC,AmerisourceBergen Corporation,BBB,4.6,8.7,2.8,4.6
ABCB,Ameris Bancorp,BBB,4.6,1.2,4.0,6.6
ABG,"Asbury Automotive Group, Inc.",BBB,4.4,1.5,4.4,7.1
ABM,ABM Industries Incorporated,A,7.1,9.0,6.0,7.3
ABMD,"ABIOMED, Inc.",A,5.8,6.3,6.7,4.0
ABT,Abbott Laboratories,BBB,5.5,10.0,4.1,5.0
ABTX,"Allegiance Bancshares, Inc.",BB,3.3,1.2,3.7,6.4
ACA,"Arcosa, Inc.",BBB,5.4,4.2,2.3,4.8
ACC,"American Campus Communities, Inc.",BBB,5.1,5.3,3.6,6.7
ACHC,"Acadia Healthcare Company, Inc.",BBB,4.6,6.5,4.2,4.3
ACIW,"ACI Worldwide, Inc.",A,7.1,3.8,5.0,7.6
ACLS,"Axcelis Technologies, Inc.",B,2.6,2.3,6.1,4.7
ACM,AECOM,AA,7.4,4.8,4.7,5.1
ACN,Accenture Plc Class A,AAA,10.0,6.9,6.1,7.2
ADBE,Adobe Inc.,AA,8.2,3.8,6.9,5.3
ADC,Agree Realty Corporation,BB,3.0,4.3,4.6,5.0
ADI,"Analog Devices, Inc.",BBB,4.8,5.6,6.0,4.3
ADM,Archer-Daniels-Midland Company,BBB,4.9,4.8,3.8,5.2
ADNT,Adient plc,B,1.7,2.1,2.8,7.3
ADP,"Automatic Data Processing, Inc.",A,6.8,10.0,3.7,6.4
ADS,Alliance Data Systems Corporation,BB,3.5,10.0,2.3,5.9
ADSK,"Autodesk, Inc.",AA,7.9,4.8,5.6,6.7
ADTN,"ADTRAN, Inc.",A,6.8,2.5,5.4,6.6
ADUS,Addus HomeCare Corporation,A,6.9,5.1,5.8,4.4
AEE,Ameren Corporation,BBB,5.5,5.2,4.7,6.8
AEGN,Aegion Corporation,A,6.7,6.3,3.6,4.5
AEIS,"Advanced Energy Industries, Inc.",B,2.6,4.8,3.7,5.0
AEL,American Equity Investment Life Holding Company,B,1.9,4.7,3.2,4.6
AEO,"American Eagle Outfitters, Inc.",A,6.9,4.2,5.5,4.4
AEP,"American Electric Power Company, Inc.",A,7.0,6.0,5.8,6.6
AES,AES Corporation,AA,7.2,6.2,6.7,6.6
AFG,"American Financial Group, Inc.",BB,3.3,4.6,4.2,5.5
AFL,Aflac Incorporated,BB,4.2,3.6,4.3,5.5
AGCO,AGCO Corporation,BBB,4.9,5.4,4.9,4.5
AGO,Assured Guaranty Ltd.,B,2.1,5.7,1.9,5.7
AGYS,"Agilysys, Inc.",B,2.6,3.1,2.6,7.1
AHH,"Armada Hoffler Properties, Inc.",BB,3.8,5.4,4.3,5.4
AIG,"American International Group, Inc.",BB,3.3,3.7,4.1,5.1
AIN,Albany International Corp. Class A,BB,4.2,4.0,5.2,5.1
AIR,AAR CORP.,BBB,5.6,2.4,5.6,4.7
AIRC,Apartment Income REIT Corp,@NA,#N/A,#N/A,#N/A,#N/A
AIT,"Applied Industrial Technologies, Inc.",BB,3.5,2.3,5.0,6.7
AIZ,"Assurant, Inc.",BB,3.5,6.0,3.9,5.9
AJG,Arthur J. Gallagher & Co.,BBB,5.1,8.3,5.3,4.9
AJRD,"Aerojet Rocketdyne Holdings, Inc.",A,6.3,3.3,4.9,4.7
AKAM,"Akamai Technologies, Inc.",BBB,5.0,9.1,3.6,6.1
AKR,Acadia Realty Trust,B,2.2,4.4,4.5,3.9
ALB,Albemarle Corporation,BB,3.3,3.5,2.7,6.5
ALE,"ALLETE, Inc.",BB,4.0,4.7,1.7,7.1
ALEX,"Alexander & Baldwin, Inc.",BBB,5.7,5.6,7.3,3.5
ALG,Alamo Group Inc.,BBB,5.7,3.2,5.5,6.9
ALGN,"Align Technology, Inc.",A,6.1,6.4,5.6,4.9
ALGT,Allegiant Travel Company,BB,4.1,0.0,5.7,6.8
ALK,"Alaska Air Group, Inc.",@NA,#N/A,#N/A,#N/A,#N/A
ALL,Allstate Corporation,BBB,5.6,2.5,4.4,6.5
ALLE,Allegion PLC,AA,7.3,5.4,8.5,7.7
ALRM,"Alarm.com Holdings, Inc.",B,2.6,3.5,2.9,5.7
ALXN,"Alexion Pharmaceuticals, Inc.",B,2.0,5.2,3.0,4.8
AM,Antero Midstream Corp.,BB,4.2,4.5,5.3,4.5
AMAT,"Applied Materials, Inc.",AA,8.4,3.5,8.2,7.0
AMBC,"Ambac Financial Group, Inc.",B,2.6,6.4,2.2,5.3
AMCR,Amcor PLC,AA,8.0,6.6,2.9,8.2
AMCX,AMC Networks Inc. Class A,B,1.6,6.7,4.4,2.6
AMD,"Advanced Micro Devices, Inc.",BBB,4.5,3.8,5.9,5.4
AME,"AMETEK, Inc.",B,2.8,4.1,3.6,5.4
AMED,"Amedisys, Inc.",A,6.3,5.5,5.8,4.4
AMG,"Affiliated Managers Group, Inc.",BBB,5.6,10.0,4.3,6.4
AMGN,Amgen Inc.,AA,8.4,7.5,5.1,5.9
AMN,"AMN Healthcare Services, Inc.",AA,8.0,7.2,6.5,5.0
AMP,"Ameriprise Financial, Inc.",BBB,5.6,8.7,4.6,6.0
AMPH,Amphastar Pharmaceuticals Inc,BB,3.3,4.9,3.9,2.7
AMSF,"AMERISAFE, Inc.",B,2.1,2.8,1.8,7.5
AMT,American Tower Corporation,A,6.4,10.0,7.5,4.0
AMWD,American Woodmark Corporation,BB,3.3,5.3,3.6,4.6
AMZN,"Amazon.com, Inc.",BB,4.1,2.0,3.2,7.3
AN,"AutoNation, Inc.",BBB,5.4,2.0,4.0,6.5
ANDE,"Andersons, Inc.",BB,4.2,0.1,4.3,5.8
ANET,"Arista Networks, Inc.",BBB,5.2,3.3,5.6,4.2
ANF,Abercrombie & Fitch Co. Class A,B,2.3,3.6,2.5,7.1
ANGO,"AngioDynamics, Inc.",BBB,5.2,6.3,6.1,4.1
ANIK,"Anika Therapeutics, Inc.",BB,4.0,6.7,4.5,4.3
ANIP,"ANI Pharmaceuticals, Inc.",BB,3.6,4.9,3.5,3.6
ANSS,"ANSYS, Inc.",A,6.2,5.0,4.2,7.2
ANTM,"Anthem, Inc.",BB,4.0,10.0,2.9,5.7
AON,Aon Plc Class A,BB,4.0,7.9,4.6,4.7
AOS,A. O. Smith Corporation,BB,3.9,6.5,4.4,3.0
APA,Apache Corporation,BBB,4.9,3.3,5.0,5.0
APD,"Air Products and Chemicals, Inc.",BBB,4.7,3.6,10.0,6.5
APEI,"American Public Education, Inc.",A,6.2,6.5,4.0,7.4
APH,Amphenol Corporation Class A,BBB,5.2,4.3,4.4,5.8
APOG,"Apogee Enterprises, Inc.",BB,4.2,4.3,5.8,7.1
APTV,Aptiv PLC,A,7.0,6.0,3.1,7.1
ARCB,ArcBest Corporation,A,5.8,3.1,4.2,6.7
ARE,"Alexandria Real Estate Equities, Inc.",A,6.5,7.0,4.6,5.7
ARI,"Apollo Commercial Real Estate Finance, Inc.",BB,2.9,6.7,2.5,6.3
ARLO,"Arlo Technologies, Inc.",A,6.5,3.8,5.8,5.1
ARNC,Arconic Corp.,@NA,#N/A,#N/A,#N/A,#N/A
AROC,Archrock Inc.,BBB,4.3,6.0,4.9,4.4
ARR,"ARMOUR Residential REIT, Inc.",B,2.4,6.7,3.3,4.7
ARW,"Arrow Electronics, Inc.",BBB,4.3,4.1,5.0,4.1
ARWR,"Arrowhead Pharmaceuticals, Inc.",B,2.4,5.2,3.4,5.0
ASB,Associated Banc-Corp,BB,3.3,2.3,3.7,6.2
ASGN,ASGN Inc,BBB,4.5,6.7,5.1,5.8
ASH,"Ashland Global Holdings, Inc.",B,2.1,3.2,1.4,6.7
ASIX,"Advansix, Inc.",B,1.7,2.5,1.6,6.4
ASTE,"Astec Industries, Inc.",BBB,5.4,3.9,5.6,7.1
ATGE,Adtalem Global Education Inc.,B,1.9,7.6,2.7,6.9
ATI,Allegheny Technologies Incorporated,B,2.6,1.2,4.7,5.7
ATNI,"ATN International, Inc.",B,1.5,6.3,4.1,4.4
ATO,Atmos Energy Corporation,BB,3.8,2.8,5.5,6.8
ATR,"Aptargroup, Inc.",A,6.4,7.8,3.0,5.7
ATVI,"Activision Blizzard, Inc.",BBB,5.2,6.0,5.2,5.7
AVA,Avista Corporation,A,7.0,6.0,7.0,6.9
AVAV,"AeroVironment, Inc.",BBB,5.6,3.7,5.1,4.2
AVB,"AvalonBay Communities, Inc.",BBB,5.1,6.1,3.2,6.9
AVD,American Vanguard Corporation,B,2.1,3.5,0.0,6.5
AVGO,Broadcom Inc.,B,1.6,5.4,2.4,5.6
AVNS,"Avanos Medical, Inc.",BB,3.9,8.5,4.6,4.3
AVNT,Avient Corporation,BB,3.3,2.9,5.5,5.9
AVT,"Avnet, Inc.",A,6.5,4.1,4.5,5.2
AVY,Avery Dennison Corporation,BBB,5.6,4.6,5.6,6.0
AWK,"American Water Works Company, Inc.",BBB,5.1,4.3,6.1,6.2
AWR,American States Water Company,BB,3.4,3.1,5.8,6.7
AX,"Axos Financial, Inc.",B,1.7,2.3,3.7,5.5
AXL,"American Axle & Manufacturing Holdings, Inc.",BBB,4.3,4.0,4.9,5.2
AXON,Axon Enterprise Inc,BBB,5.6,3.7,4.5,5.1
AXP,American Express Company,AA,8.4,10.0,4.8,8.0
AYI,"Acuity Brands, Inc.",A,6.9,7.0,4.9,5.9
AZO,"AutoZone, Inc.",B,1.8,2.5,2.4,5.3
AZZ,AZZ Inc.,B,1.6,4.1,5.4,4.8
B,Barnes Group Inc.,A,6.1,3.2,6.9,6.5
BA,Boeing Company,BB,3.1,4.8,1.9,5.0
BAC,Bank of America Corp,BB,4.2,6.6,4.4,4.6
BANC,Banc of California Incorporated,B,2.5,0.9,3.3,7.0
BANF,BancFirst Corporation,BBB,4.6,1.4,4.4,6.3
BANR,Banner Corporation,BBB,4.6,1.4,4.1,7.0
BAX,Baxter International Inc.,BB,4.2,10.0,4.3,4.6
BBBY,Bed Bath & Beyond Inc.,B,2.1,5.3,2.4,5.0
BBY,"Best Buy Co., Inc.",AAA,10.0,4.1,7.4,7.8
BC,Brunswick Corporation,BB,3.5,4.1,4.1,5.8
BCC,Boise Cascade Co.,AAA,10.0,7.4,4.9,6.8
BCEI,Bonanza Creek Energy Inc,B,2.8,1.2,3.6,6.6
BCO,Brink's Company,BB,3.1,8.0,4.0,5.0
BCOR,"Blucora, Inc.",B,2.6,6.7,2.8,6.3
BCPC,Balchem Corporation,BB,4.0,4.3,1.8,6.8
BDC,Belden Inc.,BBB,4.3,3.8,3.8,7.2
BDN,Brandywine Realty Trust,A,6.2,6.8,5.4,5.5
BDX,"Becton, Dickinson and Company",BBB,5.5,10.0,4.6,5.5
BELFB,Bel Fuse Inc. Class B,@NA,#N/A,#N/A,#N/A,#N/A
BEN,"Franklin Resources, Inc.",A,7.1,8.7,5.1,6.6
BF.B,Brown-Forman Corporation Class B,A,6.8,5.0,6.7,5.9
BFS,"Saul Centers, Inc.",B,2.2,4.9,4.1,4.1
BGS,"B&G Foods, Inc.",BB,3.7,1.4,5.1,6.7
BHE,"Benchmark Electronics, Inc.",A,7.0,2.7,5.1,7.9
BHF,"Brighthouse Financial, Inc.",B,1.9,3.2,2.8,6.0
BHLB,"Berkshire Hills Bancorp, Inc.",BB,3.7,1.9,3.8,6.5
BIG,"Big Lots, Inc.",BBB,5.6,2.7,4.7,7.0
BIIB,Biogen Inc.,A,6.4,8.2,4.2,5.1
BIO,"Bio-Rad Laboratories, Inc. Class A",BB,3.0,6.4,4.4,4.5
BJ,"BJ's Wholesale Club Holdings, Inc.",BBB,4.5,2.2,4.8,4.5
BJRI,"BJ's Restaurants, Inc.",BB,3.9,4.9,4.3,4.1
BK,Bank of New York Mellon Corporation,A,6.8,10.0,5.6,5.2
BKE,"Buckle, Inc.",BBB,4.4,2.7,4.9,4.2
BKH,Black Hills Corporation,BB,4.0,4.4,3.9,6.5
BKNG,Booking Holdings Inc.,BBB,4.6,5.4,3.1,6.9
BKR,Baker Hughes Company Class A,AAA,9.3,8.0,8.8,5.7
BKU,"BankUnited, Inc.",BB,4.2,1.2,3.5,7.3
BLD,TopBuild Corp.,BB,4.2,5.2,2.8,6.8
BLDR,"Builders FirstSource, Inc.",A,7.0,7.0,6.3,5.4
BLK,"BlackRock, Inc.",AA,8.2,10.0,5.7,6.4
BLKB,"Blackbaud, Inc.",A,6.5,3.4,4.9,7.0
BLL,Ball Corporation,A,6.8,8.9,2.8,4.5
BLMN,"Bloomin' Brands, Inc.",B,1.7,3.8,3.7,5.7
BMI,"Badger Meter, Inc.",AA,8.3,5.3,5.4,6.6
BMY,Bristol-Myers Squibb Company,A,6.9,5.2,4.4,5.2
BNED,"Barnes & Noble Education, Inc.",@NA,#N/A,#N/A,#N/A,#N/A
BOH,Bank of Hawaii Corporation,A,6.7,1.9,5.0,6.8
BOOM,DMC Global Inc.,BBB,5.2,5.1,6.2,5.9
BOOT,"Boot Barn Holdings, Inc.",BB,4.1,2.1,4.3,6.5
BPFH,"Boston Private Financial Holdings, Inc.",BB,4.2,2.8,3.1,7.9
BR,"Broadridge Financial Solutions, Inc.",BBB,4.7,10.0,2.7,6.6
BRC,Brady Corporation Class A,A,5.9,4.5,6.8,5.8
BRK.B,Berkshire Hathaway Inc. Class B,BB,3.0,5.8,2.4,3.3
BRKL,"Brookline Bancorp, Inc.",BB,3.3,0.0,3.5,7.3
BRKS,"Brooks Automation, Inc.",BB,2.9,3.6,5.3,4.7
BRO,"Brown & Brown, Inc.",BB,3.5,7.2,3.6,6.3
BRX,"Brixmor Property Group, Inc.",BBB,4.3,5.8,4.0,6.4
BSIG,"BrightSphere Investment Group, Inc.",BB,3.8,6.7,2.4,8.3
BSX,Boston Scientific Corporation,B,1.5,10.0,2.8,4.4
BWA,BorgWarner Inc.,A,6.1,5.1,4.0,6.8
BXP,"Boston Properties, Inc.",A,6.8,8.0,3.1,6.2
BXS,BancorpSouth Bank,BBB,5.0,2.3,3.9,7.2
BYD,Boyd Gaming Corporation,BBB,4.5,2.2,6.0,4.5
C,Citigroup Inc.,BB,4.2,7.4,4.4,4.1
CABO,"Cable One, Inc.",A,5.9,6.7,5.5,5.2
CACI,CACI International Inc Class A,BB,2.9,4.7,3.6,3.6
CADE,Cadence Bancorporation Class A,BBB,5.0,1.5,3.7,7.5
CAG,"Conagra Brands, Inc.",BBB,4.9,3.8,3.9,6.1
CAH,"Cardinal Health, Inc.",AA,7.4,10.0,4.0,5.4
CAKE,Cheesecake Factory Incorporated,BB,3.9,6.8,4.4,3.1
CAL,"Caleres, Inc.",BBB,4.4,2.2,4.8,5.5
CALM,"Cal-Maine Foods, Inc.",B,1.7,1.6,5.0,3.0
CAMP,CalAmp Corp.,BBB,5.2,3.4,4.6,5.9
CAR,"Avis Budget Group, Inc.",AA,8.4,7.2,4.2,5.7
CARR,Carrier Global Corp.,@NA,#N/A,#N/A,#N/A,#N/A
CASH,"Meta Financial Group, Inc.",BB,4.2,3.7,3.9,5.6
CASY,"Casey's General Stores, Inc.",BB,4.2,3.2,3.2,8.0
CAT,Caterpillar Inc.,A,7.0,5.9,6.1,4.5
CATM,Cardtronics plc Class A,BB,3.5,6.7,2.1,8.1
CATO,Cato Corporation Class A,B,1.8,2.1,3.6,5.5
CATY,Cathay General Bancorp,BB,3.3,1.3,3.8,6.5
CB,Chubb Limited,BBB,4.4,7.0,3.2,3.4
CBB,Cincinnati Bell Inc.,@NA,#N/A,#N/A,#N/A,#N/A
CBOE,Cboe Global Markets Inc,BB,3.0,6.7,0.8,6.1
CBRE,"CBRE Group, Inc. Class A",AA,8.4,5.2,7.0,8.0
CBRL,"Cracker Barrel Old Country Store, Inc.",B,1.7,6.3,3.7,3.7
CBSH,"Commerce Bancshares, Inc.",BBB,4.6,1.7,4.2,6.7
CBT,Cabot Corporation,B,2.0,3.0,0.0,7.0
CBU,"Community Bank System, Inc.",BB,4.2,2.3,3.5,7.2
CC,Chemours Co.,BB,3.2,4.0,3.3,6.0
CCI,Crown Castle International Corp,BB,3.0,5.5,5.1,4.6
CCL.U,Carnival Corporation,CCC,1.4,4.2,2.8,6.2
CCMP,"CMC Materials, Inc.",BBB,4.5,3.0,7.4,5.0
CCOI,Cogent Communications Holdings Inc,BB,3.0,6.3,5.8,3.8
CCRN,"Cross Country Healthcare, Inc.",A,6.0,5.9,4.4,4.3
CCS,"Century Communities, Inc.",BBB,4.3,4.9,2.5,4.9
CDAY,"Ceridian HCM Holding, Inc.",BBB,4.4,3.1,5.3,4.0
CDK,"CDK Global, Inc.",BB,2.9,2.9,2.8,6.3
CDNS,"Cadence Design Systems, Inc.",AA,7.9,6.4,5.2,6.1
CDW,CDW Corp.,B,2.2,3.0,2.5,7.1
CE,Celanese Corporation,BBB,4.7,4.7,2.3,6.9
CEIX,CONSOL Energy Inc,BB,3.8,1.6,2.7,5.5
CELH,"Celsius Holdings, Inc.",@NA,#N/A,#N/A,#N/A,#N/A
CENT,Central Garden & Pet Company,B,1.5,2.8,3.9,4.1
CENX,Century Aluminum Company,BB,4.0,0.5,6.7,4.4
CERN,Cerner Corporation,A,7.0,8.3,5.0,6.9
CEVA,"CEVA, Inc.",B,1.6,5.8,2.6,4.4
CF,"CF Industries Holdings, Inc.",CCC,0.7,1.5,3.6,7.5
CFFN,"Capitol Federal Financial, Inc.",B,1.7,5.0,3.0,5.1
CFG,"Citizens Financial Group, Inc.",BBB,5.4,1.5,3.8,7.7
CFR,"Cullen/Frost Bankers, Inc.",A,6.2,1.1,4.9,6.2
CFX,Colfax Corporation,B,2.6,4.3,2.1,5.0
CGNX,Cognex Corporation,A,6.5,3.7,5.9,5.3
CHCO,City Holding Company,BB,2.9,1.7,3.3,6.6
CHCT,Community Healthcare Trust Incorporated,B,1.9,4.9,0.4,6.6
CHD,"Church & Dwight Co., Inc.",BBB,5.1,7.6,2.5,6.9
CHDN,Churchill Downs Incorporated,BBB,4.8,2.7,5.0,5.1
CHE,Chemed Corporation,BBB,4.6,5.4,5.7,2.5
CHEF,"Chefs' Warehouse, Inc.",BB,4.2,2.5,4.7,5.1
CHH,"Choice Hotels International, Inc.",BB,3.2,1.8,5.5,7.5
CHRS,"Coherus BioSciences, Inc.",BBB,5.6,7.1,4.8,4.2
CHRW,"C.H. Robinson Worldwide, Inc.",A,6.8,6.9,5.1,4.9
CHS,"Chico's FAS, Inc.",BB,3.8,2.5,4.0,6.2
CHTR,"Charter Communications, Inc. Class A",B,2.5,6.0,3.7,3.6
CHUY,"Chuy's Holdings, Inc.",BB,3.5,4.7,4.0,6.0
CHX,ChampionX Corporation,A,6.8,5.9,7.6,6.1
CI,Cigna Corporation,A,7.1,10.0,5.3,5.3
CIEN,Ciena Corporation,A,6.8,2.8,5.9,5.7
CINF,Cincinnati Financial Corporation,B,1.5,2.9,2.6,4.7
CIR,"CIRCOR International, Inc.",BBB,4.5,3.8,4.7,5.8
CIT,CIT Group Inc.,BB,2.9,1.7,3.4,6.4
CKH,SEACOR Holdings Inc.,B,1.5,3.7,5.7,3.8
CL,Colgate-Palmolive Company,AA,8.5,8.1,5.2,6.3
CLB,Core Laboratories NV,AA,8.2,7.9,4.9,6.1
CLDT,Chatham Lodging Trust,BB,3.0,3.5,4.6,5.8
CLF,Cleveland-Cliffs Inc,BB,4.1,2.4,5.3,6.0
CLGX,"CoreLogic, Inc.",BB,3.5,8.0,2.2,7.0
CLH,"Clean Harbors, Inc.",BBB,4.3,3.3,7.3,5.9
CLI,Mack-Cali Realty Corporation,B,1.6,5.3,3.8,3.0
CLW,Clearwater Paper Corporation,BB,3.2,4.2,5.9,4.9
CLX,Clorox Company,AA,7.7,6.8,5.4,7.0
CMA,Comerica Incorporated,A,5.8,3.5,4.3,6.6
CMC,Commercial Metals Company,BBB,4.4,2.6,5.1,5.8
CMCSA,Comcast Corporation Class A,BB,3.9,10.0,3.5,4.9
CMD,Cantel Medical Corp.,BBB,4.8,6.5,5.5,3.8
CME,CME Group Inc. Class A,BBB,4.3,8.0,3.0,5.7
CMG,"Chipotle Mexican Grill, Inc.",BBB,5.2,6.3,3.9,7.2
CMI,Cummins Inc.,AAA,10.0,5.8,7.4,6.9
CMO,Capstead Mortgage Corporation,BB,3.2,6.7,2.9,6.1
CMP,"Compass Minerals International, Inc.",BBB,5.7,3.4,4.9,5.3
CMS,CMS Energy Corporation,AA,8.1,6.5,6.3,6.7
CMTL,Comtech Telecommunications Corp.,BB,3.2,2.4,4.9,4.6
CNC,Centene Corporation,BBB,4.3,8.3,3.3,5.2
CNK,"Cinemark Holdings, Inc.",A,6.1,8.3,5.3,5.4
CNMD,CONMED Corporation,BB,4.2,6.7,6.1,3.8
CNO,"CNO Financial Group, Inc.",B,2.8,4.7,3.1,6.6
CNP,"CenterPoint Energy, Inc.",BB,3.6,4.0,5.2,6.4
CNSL,"Consolidated Communications Holdings, Inc.",B,2.1,7.5,4.6,4.1
CNX,CNX Resources Corporation,BBB,5.1,4.0,4.0,5.3
CNXC,Concentrix Corporation,@NA,#N/A,#N/A,#N/A,#N/A
CNXN,"PC Connection, Inc.",B,1.7,3.7,5.7,2.4
COF,Capital One Financial Corporation,B,2.0,10.0,2.8,6.5
COG,Cabot Oil & Gas Corporation,B,2.3,2.1,3.2,5.2
COHR,"Coherent, Inc.",A,7.0,3.4,5.8,5.7
COHU,"Cohu, Inc.",B,1.6,4.4,4.6,4.7
COKE,"Coca-Cola Consolidated, Inc.",B,1.6,2.3,6.6,2.9
COLB,"Columbia Banking System, Inc.",BBB,5.0,1.1,3.8,7.6
COLM,Columbia Sportswear Company,A,6.2,4.7,5.4,5.5
CONE,"CyrusOne, Inc.",BBB,4.4,8.0,3.0,6.6
CONN,"Conn's, Inc.",BB,3.3,0.3,3.6,5.7
COO,"Cooper Companies, Inc.",BBB,5.2,6.0,5.7,4.0
COOP,"Mr. Cooper Group, Inc.",BBB,5.4,5.0,5.1,4.6
COP,ConocoPhillips,AA,7.2,4.2,5.8,6.0
COR,CoreSite Realty Corporation,A,6.2,8.3,4.0,6.4
CORE,"Core-Mark Holding Company, Inc.",BBB,5.6,0.0,4.9,6.8
CORT,Corcept Therapeutics Incorporated.,BB,3.1,3.4,3.8,3.2
COST,Costco Wholesale Corporation,BB,4.2,4.4,3.2,6.1
COTY,Coty Inc. Class A,BB,3.3,5.5,3.1,3.2
CPB,Campbell Soup Company,AA,7.7,5.0,5.6,4.8
CPE,Callon Petroleum Company,BB,3.3,2.0,4.7,5.8
CPF,Central Pacific Financial Corp.,B,1.7,2.9,2.9,6.0
CPK,Chesapeake Utilities Corporation,BBB,5.1,4.7,5.1,6.0
CPRI,Capri Holdings Limited,BB,3.8,2.7,4.2,5.4
CPRT,"Copart, Inc.",A,6.7,7.4,5.7,6.7
CPS,Cooper-Standard Holdings Inc.,BBB,4.3,3.6,4.3,6.7
CPSI,"Computer Programs and Systems, Inc.",BBB,4.5,6.7,4.5,6.4
CPT,Camden Property Trust,BBB,4.6,6.3,4.1,4.4
CR,Crane Co.,BBB,5.2,3.4,4.3,6.4
CREE,"Cree, Inc.",A,6.8,5.9,6.2,5.3
CRI,"Carter's, Inc.",BB,3.5,1.9,4.2,6.9
CRL,"Charles River Laboratories International, Inc.",B,1.5,10.0,4.0,3.9
CRM,"salesforce.com, inc.",AAA,10.0,5.3,7.5,4.6
CRMT,"America's Car-Mart, Inc.",BBB,4.6,1.8,4.3,7.1
CROX,"Crocs, Inc.",A,6.8,4.0,5.2,6.9
CRS,Carpenter Technology Corporation,B,1.5,0.7,4.9,4.6
CRUS,"Cirrus Logic, Inc.",A,6.1,3.9,6.6,6.8
CRVL,CorVel Corporation,BBB,5.7,6.7,6.1,2.8
CRY,"CryoLife, Inc.",BB,3.6,6.2,5.8,3.5
CSCO,"Cisco Systems, Inc.",A,6.8,5.2,5.4,5.1
CSGS,"CSG Systems International, Inc.",BBB,4.4,6.7,3.6,5.7
CSII,"Cardiovascular Systems, Inc.",A,6.4,6.2,6.4,4.7
CSL,Carlisle Companies Incorporated,A,6.7,3.2,5.6,6.2
CSR,Centerspace,B,1.9,3.9,1.0,7.9
CSX,CSX Corporation,A,7.1,5.6,3.8,7.4
CTAS,Cintas Corporation,BBB,4.5,7.1,3.8,6.1
CTB,Cooper Tire & Rubber Company,BBB,5.2,3.4,4.5,6.9
CTLT,Catalent Inc,BBB,5.6,6.0,4.0,4.4
CTRE,CareTrust REIT Inc,B,2.2,2.9,3.8,6.1
CTS,CTS Corporation,A,7.0,4.0,4.8,7.0
CTSH,Cognizant Technology Solutions Corporation Class A,A,6.5,4.1,3.8,7.5
CTVA,Corteva Inc,BBB,4.4,4.8,2.1,5.0
CTXS,"Citrix Systems, Inc.",A,7.1,6.0,4.9,5.4
CUB,Cubic Corporation,AA,7.8,3.6,5.8,5.3
CUBI,"Customers Bancorp, Inc.",BB,3.7,1.1,3.4,7.3
CUTR,"Cutera, Inc.",BB,3.9,6.4,4.2,5.2
CUZ,Cousins Properties Incorporated,BB,3.2,5.7,2.1,6.3
CVBF,CVB Financial Corp.,BB,3.7,1.0,4.2,6.1
CVCO,"Cavco Industries, Inc.",BBB,4.7,4.6,3.4,5.3
CVET,"Covetrus, Inc.",A,6.9,6.7,6.4,3.7
CVGW,"Calavo Growers, Inc.",BB,3.7,2.0,5.4,5.1
CVLT,"CommVault Systems, Inc.",BB,4.1,3.4,3.9,5.5
CVS,CVS Health Corporation,BBB,5.7,10.0,4.5,5.2
CVX,Chevron Corporation,BBB,5.2,4.3,5.9,4.7
CW,Curtiss-Wright Corporation,BBB,5.3,2.5,4.6,5.4
CWT,California Water Service Group,BB,3.2,3.3,4.9,6.9
CXW,"CoreCivic, Inc.",CCC,0.0,6.3,2.1,1.6
CYH,"Community Health Systems, Inc.",B,2.0,6.5,3.0,3.8
CYTK,"Cytokinetics, Incorporated",B,1.6,4.9,4.0,3.7
CZR,Caesars Entertainment Inc,@NA,#N/A,#N/A,#N/A,#N/A
D,Dominion Energy Inc,A,6.4,6.5,3.2,4.6
DAKT,"Daktronics, Inc.",BBB,4.8,3.6,5.0,3.8
DAL,"Delta Air Lines, Inc.",A,6.3,4.2,4.8,5.5
DAN,Dana Incorporated,BB,3.9,3.4,3.7,7.0
DAR,Darling Ingredients Inc.,BBB,5.1,3.3,4.8,7.3
DBD,Diebold Nixdorf Incorporated,BB,3.2,3.1,4.0,6.5
DBI,Designer Brands Inc. Class A,BBB,4.9,3.7,5.0,2.9
DCI,"Donaldson Company, Inc.",A,5.8,5.6,4.6,6.3
DCOM,"Dime Community Bancshares, Inc.",@NA,#N/A,#N/A,#N/A,#N/A
DD,"DuPont de Nemours, Inc.",A,6.0,4.6,4.8,5.5
DDD,3D Systems Corporation,BB,3.6,4.5,3.4,7.0
DE,Deere & Company,A,7.0,5.8,6.0,5.0
DEA,"Easterly Government Properties, Inc.",A,6.5,7.6,3.7,6.1
DECK,Deckers Outdoor Corporation,AA,8.5,4.5,5.7,7.9
DEI,"Douglas Emmett, Inc",A,6.8,8.4,3.1,5.6
DFIN,"Donnelley Financial Solutions, Inc.",BBB,4.3,7.0,2.7,5.6
DFS,Discover Financial Services,BB,3.6,8.0,3.5,7.1
DG,Dollar General Corporation,B,2.8,1.7,3.2,7.2
DGII,Digi International Inc.,@NA,#N/A,#N/A,#N/A,#N/A
DGX,Quest Diagnostics Incorporated,AA,7.7,8.5,6.0,4.3
DHC,Diversified Healthcare Trust,B,2.2,5.4,4.6,2.6
DHI,"D.R. Horton, Inc.",B,2.7,3.9,2.4,4.6
DHR,Danaher Corporation,BB,3.6,6.7,5.4,4.1
DIN,"Dine Brands Global, Inc.",A,7.0,5.6,5.7,4.3
DIOD,Diodes Incorporated,B,1.6,4.5,4.1,4.8
DIS,Walt Disney Company,BBB,5.0,10.0,4.5,5.5
DISCA,"Discovery, Inc. Class A",BBB,4.3,6.0,6.5,3.4
DISH,DISH Network Corporation Class A,CCC,1.4,8.0,4.0,2.6
DKS,"Dick's Sporting Goods, Inc.",BB,3.1,1.5,3.7,4.1
DLR,"Digital Realty Trust, Inc.",BB,4.1,10.0,3.4,5.2
DLTR,"Dollar Tree, Inc.",B,2.3,3.4,2.9,5.8
DLX,Deluxe Corporation,BBB,5.7,5.5,5.2,6.3
DNOW,NOW Inc.,BB,3.5,2.4,5.2,7.1
DOC,Physicians Realty Trust,B,2.7,4.9,1.9,6.3
DORM,"Dorman Products, Inc.",BBB,4.8,3.3,4.3,6.3
DOV,Dover Corporation,BBB,4.5,4.5,4.0,5.6
DOW,"Dow, Inc.",BBB,5.1,3.7,3.1,6.3
DPZ,"Domino's Pizza, Inc.",BBB,5.2,5.0,4.3,6.9
DRE,Duke Realty Corporation,BBB,5.4,4.9,4.0,7.8
DRH,DiamondRock Hospitality Company,BBB,4.9,6.9,3.6,4.8
DRI,"Darden Restaurants, Inc.",BBB,5.7,6.4,4.1,7.0
DRQ,"Dril-Quip, Inc.",BB,4.0,5.3,6.2,4.5
DSPG,"DSP Group, Inc.",@NA,#N/A,#N/A,#N/A,#N/A
DTE,DTE Energy Company,A,6.6,5.6,6.0,7.2
DUK,Duke Energy Corporation,BBB,5.3,6.0,2.9,5.3
DVA,DaVita Inc.,BBB,5.7,9.4,6.0,4.1
DVN,Devon Energy Corporation,BBB,5.6,2.4,4.8,6.5
DXC,DXC Technology Co.,BBB,5.6,4.5,4.2,6.3
DXCM,"DexCom, Inc.",BBB,5.2,6.3,5.6,4.6
DXPE,"DXP Enterprises, Inc.",B,1.6,3.2,7.9,2.4
DY,"Dycom Industries, Inc.",BB,3.1,2.0,2.0,3.7
EA,Electronic Arts Inc.,A,6.8,8.0,5.5,6.1
EAT,"Brinker International, Inc.",BBB,4.3,5.3,4.1,6.5
EBAY,eBay Inc.,BBB,5.6,10.0,3.6,7.0
EBIX,"Ebix, Inc.",B,1.5,3.0,3.5,3.4
EBS,Emergent BioSolutions Inc.,B,2.4,5.9,3.6,4.4
ECHO,"Echo Global Logistics, Inc",AA,8.2,6.5,4.9,6.3
ECL,Ecolab Inc.,AAA,10.0,8.7,4.5,5.2
ECOL,"US Ecology, Inc.",B,2.4,1.6,4.5,7.3
ECPG,"Encore Capital Group, Inc.",BBB,5.6,6.7,4.2,7.2
ED,"Consolidated Edison, Inc.",AA,7.2,6.8,4.2,6.6
EFX,Equifax Inc.,BB,4.2,7.0,4.1,8.2
EGBN,"Eagle Bancorp, Inc.",B,2.5,1.0,3.5,6.7
EGHT,"8x8, Inc.",BBB,4.4,3.0,3.7,6.6
EGOV,NIC Inc.,B,1.8,6.7,2.6,4.4
EGP,"EastGroup Properties, Inc.",B,1.6,4.9,1.3,5.8
EGRX,"Eagle Pharmaceuticals, Inc.",A,6.0,4.2,5.1,5.3
EHC,Encompass Health Corporation,A,6.9,5.2,5.1,5.2
EHTH,"eHealth, Inc.",BBB,4.4,3.2,4.8,5.8
EIG,"Employers Holdings, Inc.",B,2.5,4.2,2.8,7.4
EIX,Edison International,BBB,5.1,4.5,4.0,7.8
EL,Estee Lauder Companies Inc. Class A,BBB,5.4,8.9,4.4,3.0
ELF,"e.l.f. Beauty, Inc.",B,2.3,3.3,3.9,5.1
ELY,Callaway Golf Company,BBB,5.7,0.1,5.7,6.7
EME,"EMCOR Group, Inc.",AA,7.9,3.4,5.4,5.6
EMN,Eastman Chemical Company,BB,3.9,4.4,3.0,5.7
EMR,Emerson Electric Co.,BB,4.1,4.9,3.9,6.1
ENDP,Endo International Plc,BB,3.9,4.9,2.4,5.7
ENPH,"Enphase Energy, Inc.",BB,3.5,7.7,1.8,6.6
ENR,"Energizer Holdings, Inc.",BBB,4.6,4.3,5.4,5.4
ENS,EnerSys,BBB,4.4,4.4,6.6,5.1
ENSG,"Ensign Group, Inc.",BBB,5.7,6.5,4.4,5.3
ENTA,"Enanta Pharmaceuticals, Inc.",BB,3.6,6.9,3.9,4.2
ENVA,Enova International Inc,CCC,1.2,6.7,3.5,3.9
EOG,"EOG Resources, Inc.",BB,4.1,2.4,5.0,5.7
EPAC,Enerpac Tool Group Corp Class A,BBB,5.5,3.3,5.0,6.8
EPAY,"Bottomline Technologies (de), Inc.",BBB,4.7,3.4,4.3,4.5
EPC,Edgewell Personal Care Co.,BBB,4.6,5.2,4.1,5.4
EPR,EPR Properties,B,2.2,4.9,2.4,5.8
EPRT,"Essential Properties Realty Trust, Inc.",BBB,5.1,4.0,5.9,6.5
EQIX,"Equinix, Inc.",AA,7.4,10.0,5.0,5.4
EQR,Equity Residential,BBB,5.7,5.5,6.1,6.0
EQT,EQT Corporation,BBB,4.4,2.5,5.5,5.5
ES,Eversource Energy,AA,8.3,7.6,4.4,6.1
ESE,ESCO Technologies Inc.,A,6.5,4.5,7.8,5.4
ESNT,Essent Group Ltd.,B,2.1,3.3,3.1,6.2
ESS,"Essex Property Trust, Inc.",BB,3.5,5.0,2.9,6.4
ETH,Ethan Allen Interiors Inc.,BBB,5.4,4.4,3.6,6.7
ETN,Eaton Corp. Plc,BBB,5.6,5.0,5.4,6.3
ETR,Entergy Corporation,A,7.0,6.1,5.8,6.5
ETRN,Equitrans Midstream Corp.,BB,3.3,2.2,5.6,6.9
ETSY,"Etsy, Inc.",BBB,5.6,10.0,4.4,4.2
EV,Eaton Vance Corp.,B,2.6,6.7,2.6,4.5
EVR,Evercore Inc Class A,BB,3.2,5.0,1.3,6.3
EVRG,"Evergy, Inc.",BB,3.2,4.7,1.1,6.7
EVTC,"EVERTEC, Inc.",B,1.5,7.0,2.0,5.2
EW,Edwards Lifesciences Corporation,AA,8.5,10.0,5.8,6.2
EWBC,"East West Bancorp, Inc.",BB,3.7,2.3,3.6,7.1
EXC,Exelon Corporation,AA,8.1,7.3,5.6,4.7
EXEL,"Exelixis, Inc.",B,2.0,4.9,4.0,3.7
EXLS,"ExlService Holdings, Inc.",BBB,4.7,6.7,3.3,6.6
EXP,Eagle Materials Inc.,B,2.5,0.8,4.9,6.3
EXPD,"Expeditors International of Washington, Inc.",AAA,10.0,9.0,4.6,7.4
EXPE,"Expedia Group, Inc.",BBB,5.1,6.1,4.8,2.7
EXPO,"Exponent, Inc.",BBB,4.5,6.5,4.7,6.5
EXR,Extra Space Storage Inc.,BB,3.5,5.3,4.6,5.5
EXTN,Exterran Corp.,A,7.0,6.0,6.7,6.2
EXTR,"Extreme Networks, Inc.",BBB,4.4,3.8,3.9,6.5
EZPW,"EZCORP, Inc. Class A",B,2.4,6.7,3.9,4.7
F,Ford Motor Company,B,1.9,5.2,2.5,2.7
FAF,First American Financial Corporation,A,6.5,3.4,4.4,6.3
FANG,"Diamondback Energy, Inc.",B,2.8,2.3,3.2,5.1
FARO,"FARO Technologies, Inc.",BBB,5.7,2.3,5.3,6.5
FAST,Fastenal Company,A,6.8,2.9,6.3,7.8
FB,"Facebook, Inc. Class A",BBB,4.6,10.0,1.9,4.9
FBC,"Flagstar Bancorp, Inc.",BB,3.7,7.2,3.9,5.1
FBHS,"Fortune Brands Home & Security, Inc.",A,6.7,6.3,6.4,5.8
FBK,FB Financial Corporation,B,1.7,2.0,3.5,5.5
FBNC,First Bancorp,B,2.5,1.4,3.3,6.3
FBP,First Bancorp,B,2.5,0.7,3.3,7.0
FCF,First Commonwealth Financial Corporation,BB,2.9,0.2,3.4,6.9
FCFS,"FirstCash, Inc.",BB,4.0,6.7,3.9,5.4
FCN,"FTI Consulting, Inc.",A,6.4,8.0,4.9,7.1
FCPT,"Four Corners Property Trust, Inc.",BB,4.1,4.7,3.1,6.9
FCX,"Freeport-McMoRan, Inc.",BB,3.4,2.1,2.7,5.0
FDP,Fresh Del Monte Produce Inc.,BBB,4.3,3.9,3.6,5.6
FDS,FactSet Research Systems Inc.,AA,8.0,8.3,4.9,6.0
FDX,FedEx Corporation,BB,4.1,9.7,1.7,5.0
FE,FirstEnergy Corp.,BBB,5.3,5.4,3.8,5.6
FELE,"Franklin Electric Co., Inc.",A,6.8,5.7,5.8,5.6
FF,FutureFuel Corp.,B,2.1,3.1,2.8,5.2
FFBC,First Financial Bancorp.,A,6.2,1.3,4.1,7.5
FFIN,First Financial Bankshares Inc,BBB,5.0,1.1,3.7,7.8
FFIV,"F5 Networks, Inc.",BBB,4.8,2.8,3.9,7.7
FHB,"First Hawaiian, Inc.",BB,4.2,2.4,3.5,7.4
FHI,"Federated Hermes, Inc. Class B",BB,3.5,6.7,4.8,3.6
FHN,First Horizon Corporation,BB,4.2,0.2,4.4,6.3
FICO,Fair Isaac Corporation,A,6.5,3.9,4.5,7.1
FIS,"Fidelity National Information Services, Inc.",BB,4.1,6.7,3.4,6.2
FISV,"Fiserv, Inc.",BBB,4.7,8.7,3.2,5.6
FITB,Fifth Third Bancorp,BB,3.7,1.9,3.9,6.3
FIVE,"Five Below, Inc.",BBB,4.6,0.7,4.3,6.4
FIX,"Comfort Systems USA, Inc.",AA,7.7,2.6,6.2,5.3
FIZZ,National Beverage Corp.,CCC,0.0,0.1,4.7,3.2
FL,"Foot Locker, Inc.",BBB,5.6,2.8,4.4,6.7
FLGT,"Fulgent Genetics, Inc.",@NA,#N/A,#N/A,#N/A,#N/A
FLIR,"FLIR Systems, Inc.",A,7.0,3.6,5.7,6.0
FLO,"Flowers Foods, Inc.",BB,3.7,1.7,5.6,5.9
FLOW,"SPX Flow, Inc.",BB,3.9,3.5,5.0,5.4
FLR,Fluor Corporation,AA,7.2,3.4,5.5,4.7
FLS,Flowserve Corporation,A,7.1,4.9,4.8,6.5
FLT,"FLEETCOR Technologies, Inc.",B,2.4,6.7,4.1,2.2
FMBI,"First Midwest Bancorp, Inc.",BB,2.9,2.0,3.5,6.4
FMC,FMC Corporation,BB,4.0,5.1,0.0,4.6
FN,Fabrinet,A,6.5,2.1,6.1,6.2
FNB,F.N.B. Corporation,BB,2.9,1.6,3.1,7.6
FOE,Ferro Corporation,B,2.8,4.0,0.9,6.1
FORM,"FormFactor, Inc.",B,2.6,3.2,4.3,6.2
FORR,"Forrester Research, Inc.",BB,4.2,7.6,4.3,6.7
FOSL,"Fossil Group, Inc.",AA,7.6,4.9,5.4,7.3
FOXA,Fox Corporation Class A,B,2.5,6.7,3.6,3.9
FOXF,Fox Factory Holding Corp.,BB,3.9,2.3,4.3,6.5
FR,"First Industrial Realty Trust, Inc.",BB,3.0,5.5,1.6,6.0
FRC,First Republic Bank,BBB,4.6,5.1,3.7,6.4
FRGI,"Fiesta Restaurant Group, Inc.",@NA,#N/A,#N/A,#N/A,#N/A
FRT,Federal Realty Investment Trust,BBB,4.3,6.3,4.3,5.3
FSLR,"First Solar, Inc.",A,6.8,6.5,5.1,7.0
FSP,Franklin Street Properties Corp.,BBB,4.3,7.6,2.7,4.6
FSS,Federal Signal Corporation,BBB,5.7,3.9,5.3,5.7
FTI,TechnipFMC Plc,AA,7.3,8.0,6.1,4.6
FTNT,"Fortinet, Inc.",BBB,5.3,4.2,5.0,4.0
FTV,Fortive Corp.,BBB,5.2,4.9,6.3,4.8
FUL,H.B. Fuller Company,BBB,4.9,5.4,3.1,5.4
FULT,Fulton Financial Corporation,A,6.2,0.2,4.9,7.3
FWRD,Forward Air Corporation,B,2.7,3.9,3.5,6.8
GATX,GATX Corporation,BBB,5.5,2.7,5.9,6.3
GBCI,"Glacier Bancorp, Inc.",BBB,4.6,1.2,3.5,7.9
GBX,"Greenbrier Companies, Inc.",BB,4.1,2.9,6.1,4.5
GCI,"Gannett Co., Inc.",B,2.0,0.4,4.4,5.3
GCO,Genesco Inc.,BBB,5.6,2.6,5.4,5.4
GCP,"GCP Applied Technologies, Inc.",B,1.9,2.6,2.9,7.1
GD,General Dynamics Corporation,BB,4.1,3.2,3.6,4.9
GDOT,Green Dot Corporation Class A,BB,3.6,6.7,4.2,5.1
GE,General Electric Company,A,5.8,6.3,2.0,5.3
GEF,Greif Class A,A,6.8,9.3,3.8,2.1
GEO,GEO Group Inc,CCC,0.0,6.7,2.3,2.1
GES,"Guess?, Inc.",BB,4.1,3.4,4.1,5.3
GFF,Griffon Corporation,B,1.8,4.8,4.4,4.5
GGG,Graco Inc.,BBB,4.8,4.5,6.0,4.8
GHC,Graham Holdings Co.,BBB,4.6,6.1,4.8,3.8
GHL,"Greenhill & Co., Inc.",B,2.6,4.5,2.1,5.2
GIII,"G-III Apparel Group, Ltd.",B,2.1,1.7,4.5,3.7
GILD,"Gilead Sciences, Inc.",AA,8.6,6.6,5.8,6.1
GIS,"General Mills, Inc.",AA,7.7,5.2,5.1,5.7
GKOS,Glaukos Corp,BBB,4.8,6.3,6.1,3.8
GL,Globe Life Inc.,BB,3.9,4.0,3.5,6.9
GLT,Glatfelter Corporation,B,1.8,4.6,5.3,4.0
GLUU,Glu Mobile Inc.,B,2.3,6.7,2.4,6.1
GLW,Corning Inc,A,6.1,6.5,5.1,3.8
GM,General Motors Company,CCC,0.3,4.2,0.3,6.1
GME,GameStop Corp. Class A,BBB,5.4,5.0,3.6,6.8
GMED,Globus Medical Inc Class A,BBB,5.5,6.3,6.3,4.1
GMS,GMS Inc.,BBB,5.5,3.0,7.1,6.8
GNL,Global Net Lease Inc,B,2.4,4.9,2.9,4.9
GNRC,Generac Holdings Inc.,BBB,5.6,5.5,6.3,6.0
GNTX,Gentex Corporation,BB,3.9,3.6,3.8,6.9
GNW,"Genworth Financial, Inc. Class A",BB,4.2,8.3,3.5,7.6
GO,Grocery Outlet Holding Corp.,BB,4.2,1.7,4.0,7.2
GOOGL,Alphabet Inc. Class A,AA,7.9,5.8,6.5,4.5
GPC,Genuine Parts Company,BBB,4.4,1.4,3.6,6.7
GPI,"Group 1 Automotive, Inc.",BBB,4.6,2.8,5.0,5.2
GPMT,Granite Point Mortgage Trust Inc.,BB,3.5,6.7,2.9,5.9
GPN,Global Payments Inc.,B,1.5,6.7,2.3,6.3
GPRE,Green Plains Inc.,BBB,4.4,4.7,5.4,4.7
GPS,"Gap, Inc.",AA,7.2,7.4,5.4,5.5
GRMN,Garmin Ltd.,A,6.2,0.0,4.7,6.2
GRUB,"Grubhub, Inc.",BB,4.1,0.7,4.8,5.4
GS,"Goldman Sachs Group, Inc.",BBB,4.5,6.4,5.5,2.9
GT,Goodyear Tire & Rubber Company,BBB,4.8,4.3,3.3,6.2
GTLS,"Chart Industries, Inc.",BBB,5.2,3.2,4.5,6.7
GTY,Getty Realty Corp.,B,1.9,5.5,1.6,5.1
GVA,Granite Construction Incorporated,AA,7.7,4.5,5.5,5.0
GWB,"Great Western Bancorp, Inc.",A,6.2,1.8,4.8,6.7
GWW,"W.W. Grainger, Inc.",AA,8.4,5.7,7.5,5.8
HA,"Hawaiian Holdings, Inc.",BBB,5.6,1.8,5.8,6.4
HAE,Haemonetics Corporation,BBB,5.2,6.3,5.6,4.7
HAFC,Hanmi Financial Corporation,BB,4.2,1.1,3.4,7.7
HAIN,"Hain Celestial Group, Inc.",BBB,5.1,4.0,3.7,6.6
HAL,Halliburton Company,BBB,5.7,7.6,4.7,4.2
HALO,"Halozyme Therapeutics, Inc.",BBB,4.4,5.9,4.0,5.5
HAS,"Hasbro, Inc.",AA,8.6,5.8,4.9,6.5
HAYN,"Haynes International, Inc.",B,1.5,1.2,2.9,6.1
HBAN,Huntington Bancshares Incorporated,BB,3.7,1.7,3.9,7.0
HBI,Hanesbrands Inc.,AA,7.4,4.5,5.5,6.2
HCA,HCA Healthcare Inc,A,6.0,6.8,4.9,4.6
HCC,"Warrior Met Coal, Inc.",B,1.8,1.5,3.4,6.1
HCI,"HCI Group, Inc.",B,2.4,2.5,2.7,6.6
HCSG,"Healthcare Services Group, Inc.",A,5.9,4.1,7.1,5.6
HD,"Home Depot, Inc.",AA,8.5,6.6,5.5,7.0
HE,"Hawaiian Electric Industries, Inc.",A,6.2,6.0,2.8,7.1
HELE,Helen of Troy Limited,A,6.9,4.4,4.0,7.2
HES,Hess Corporation,AA,8.5,5.1,7.0,5.9
HFC,HollyFrontier Corporation,BB,3.8,2.8,7.0,6.2
HFWA,Heritage Financial Corporation,BBB,4.6,1.6,3.8,7.1
HI,"Hillenbrand, Inc.",BBB,4.5,3.4,5.2,5.9
HIBB,"Hibbett Sports, Inc.",A,5.9,0.7,5.4,6.7
HIG,"Hartford Financial Services Group, Inc.",BB,4.0,4.7,4.6,5.6
HII,"Huntington Ingalls Industries, Inc.",A,6.9,2.8,5.0,5.6
HIW,"Highwoods Properties, Inc.",B,1.9,5.7,0.6,7.5
HLIT,Harmonic Inc.,A,6.0,2.0,4.6,8.0
HLT,Hilton Worldwide Holdings Inc,BBB,4.3,5.3,4.0,5.1
HLX,"Helix Energy Solutions Group, Inc.",BB,3.8,6.2,4.3,4.1
HMN,Horace Mann Educators Corporation,BB,3.3,4.6,4.1,7.5
HMST,"HomeStreet, Inc.",A,7.1,4.5,4.3,7.3
HMSY,HMS Holdings Corp.,BBB,5.2,7.0,4.6,6.1
HNGR,"Hanger, Inc.",A,6.3,7.3,4.6,4.8
HNI,HNI Corporation,BBB,5.7,6.1,4.1,7.4
HOG,"Harley-Davidson, Inc.",BBB,5.5,6.4,2.5,6.7
HOLX,"Hologic, Inc.",BBB,4.8,10.0,6.0,3.9
HOMB,"Home BancShares, Inc.",B,1.7,1.3,3.3,6.0
HON,Honeywell International Inc.,AA,7.4,3.8,2.8,6.7
HOPE,"Hope Bancorp, Inc.",BB,3.3,1.1,3.5,7.0
HP,"Helmerich & Payne, Inc.",B,1.5,2.8,4.6,5.7
HPE,Hewlett Packard Enterprise Co.,AA,8.0,5.4,5.4,6.7
HPP,"Hudson Pacific Properties, Inc.",BB,3.0,5.9,2.5,5.3
HPQ,HP Inc.,A,6.8,4.0,5.3,6.5
HQY,HealthEquity Inc,BB,3.4,6.7,2.8,4.9
HR,Healthcare Realty Trust Incorporated,B,1.6,5.9,0.6,5.5
HRB,"H&R Block, Inc.",BB,4.2,6.9,3.4,6.7
HRC,"Hill-Rom Holdings, Inc.",BBB,5.2,6.3,5.9,4.5
HRL,Hormel Foods Corporation,A,7.1,3.1,5.8,6.9
HSC,Harsco Corporation,BB,3.7,1.7,7.0,5.0
HSIC,"Henry Schein, Inc.",AAA,10.0,8.7,6.9,5.7
HSII,"Heidrick & Struggles International, Inc.",BBB,5.2,6.7,5.0,6.7
HSKA,Heska Corporation,A,5.8,5.7,5.9,5.3
HST,"Host Hotels & Resorts, Inc.",A,6.5,7.2,3.8,5.6
HSTM,"HealthStream, Inc.",B,1.5,6.7,3.6,4.2
HSY,Hershey Company,BBB,5.1,3.3,5.0,4.4
HT,Hersha Hospitality Trust Class A,B,2.4,5.3,4.0,4.6
HTH,Hilltop Holdings Inc.,B,2.5,0.6,4.2,5.4
HTLD,"Heartland Express, Inc.",BBB,5.5,3.9,4.2,5.8
HUBB,Hubbell Incorporated Class B,BBB,4.7,5.0,3.8,7.2
HUBG,"Hub Group, Inc. Class A",AA,7.7,6.8,6.3,4.5
HUM,Humana Inc.,BBB,5.1,10.0,3.9,4.6
HVT,"Haverty Furniture Companies, Inc.",BBB,5.4,3.3,5.1,5.0
HWC,Hancock Whitney Corporation,BB,4.2,0.9,3.8,7.2
HWKN,"Hawkins, Inc.",B,2.6,3.3,1.3,6.3
HWM,Howmet Aerospace Inc.,BBB,5.3,2.6,3.4,5.5
HXL,Hexcel Corporation,A,6.6,5.7,6.2,3.9
HZO,"MarineMax, Inc.",A,6.4,4.9,4.9,5.5
IAA,"IAA, Inc.",AA,8.0,6.1,7.0,6.6
IART,Integra LifeSciences Holdings Corporation,B,2.7,7.6,5.2,3.4
IBKR,"Interactive Brokers Group, Inc. Class A",B,2.4,4.5,3.0,4.4
IBM,International Business Machines Corporation,AA,8.5,7.4,5.9,4.5
IBOC,International Bancshares Corporation,A,5.8,1.2,4.7,6.6
IBP,"Installed Building Products, Inc.",B,2.7,3.6,2.6,4.2
IBTX,"Independent Bank Group, Inc.",B,2.5,1.2,3.4,6.6
ICE,"Intercontinental Exchange, Inc.",BBB,5.7,8.3,2.7,5.7
ICHR,"Ichor Holdings, Ltd.",BBB,4.5,4.0,4.9,6.7
ICUI,"ICU Medical, Inc.",B,2.1,7.6,5.9,2.5
IDA,"IDACORP, Inc.",A,7.0,6.0,5.2,7.6
IDCC,"InterDigital, Inc.",BBB,5.6,3.9,4.3,6.2
IDXX,"IDEXX Laboratories, Inc.",AA,8.2,7.5,7.2,6.1
IEX,IDEX Corporation,A,6.5,5.0,5.6,6.1
IFF,International Flavors & Fragrances Inc.,AA,7.7,6.7,3.3,5.3
IIIN,"Insteel Industries, Inc.",CCC,0.0,2.4,3.7,6.7
IIPR,Innovative Industrial Properties Inc,B,2.4,4.3,3.1,5.5
IIVI,II-VI Incorporated,B,1.7,3.8,3.6,3.9
ILMN,"Illumina, Inc.",BB,3.3,8.4,4.3,5.0
ILPT,Industrial Logistics Properties Trust,B,2.7,5.5,2.5,2.5
INCY,Incyte Corporation,B,2.4,4.6,4.0,4.3
INDB,Independent Bank Corp.,BB,3.7,2.2,3.5,7.1
INFO,IHS Markit Ltd.,AA,7.9,10.0,6.4,6.4
INGN,"Inogen, Inc.",BB,4.2,6.2,5.9,3.6
INGR,Ingredion Incorporated,A,6.6,4.3,4.5,7.3
INN,"Summit Hotel Properties, Inc.",B,1.6,4.9,1.0,6.4
INT,World Fuel Services Corporation,BBB,5.6,4.6,7.5,5.2
INTC,Intel Corporation,A,6.5,7.2,5.7,5.0
INTU,Intuit Inc.,AA,8.5,4.5,5.5,6.5
INVA,"Innoviva, Inc.",BB,3.3,4.0,3.5,3.8
IOSP,Innospec Inc.,BBB,5.1,4.6,3.3,7.0
IP,International Paper Company,BBB,5.2,5.8,4.0,5.0
IPAR,"Inter Parfums, Inc.",B,2.1,5.2,3.8,3.4
IPG,"Interpublic Group of Companies, Inc.",BBB,4.5,10.0,3.4,5.4
IPGP,IPG Photonics Corporation,B,1.7,4.0,4.7,3.7
IQV,IQVIA Holdings Inc,A,5.8,10.0,6.5,4.2
IR,Ingersoll Rand Inc.,BB,4.2,4.4,3.4,5.6
IRBT,iRobot Corporation,AA,8.5,3.5,5.0,7.5
IRDM,Iridium Communications Inc.,BB,3.9,6.3,4.8,5.0
IRM,"Iron Mountain, Inc.",AA,7.9,10.0,4.5,7.2
IRT,"Independence Realty Trust, Inc.",B,2.7,4.4,1.9,6.2
ISBC,Investors Bancorp Inc,BBB,5.4,1.3,4.3,7.1
ISRG,"Intuitive Surgical, Inc.",B,2.7,5.6,4.8,3.9
IT,"Gartner, Inc.",BB,4.1,3.3,4.1,6.0
ITGR,Integer Holdings Corporation,BB,3.6,6.3,5.7,4.1
ITRI,"Itron, Inc.",A,7.0,4.8,4.3,7.8
ITT,"ITT, Inc.",A,7.1,4.0,5.8,6.8
ITW,Illinois Tool Works Inc.,A,6.8,4.3,4.1,7.0
IVC,Invacare Corporation,@NA,#N/A,#N/A,#N/A,#N/A
IVR,Invesco Mortgage Capital Inc.,BB,2.9,6.7,2.9,6.2
IVZ,Invesco Ltd.,A,6.8,10.0,5.2,6.0
J,Jacobs Engineering Group Inc.,A,6.2,4.5,3.5,5.1
JACK,Jack in the Box Inc.,BBB,5.2,5.1,4.6,6.3
JAZZ,Jazz Pharmaceuticals Plc,A,6.1,2.6,4.3,5.9
JBGS,JBG SMITH Properties,BBB,4.3,7.1,5.0,4.1
JBHT,"J.B. Hunt Transport Services, Inc.",BB,3.9,4.2,3.5,5.5
JBL,Jabil Inc.,BB,3.0,4.0,3.7,6.1
JBLU,JetBlue Airways Corporation,@NA,#N/A,#N/A,#N/A,#N/A
JBSS,"John B. Sanfilippo & Son, Inc.",B,2.6,2.6,4.7,3.9
JBT,John Bean Technologies Corporation,BBB,5.2,4.4,4.5,5.6
JCI,Johnson Controls International plc,AAA,10.0,7.2,8.3,7.3
JCOM,"J2 Global, Inc.",BB,2.9,4.9,3.1,5.0
JEF,Jefferies Financial Group Inc.,B,2.0,4.1,2.3,6.3
JHG,Janus Henderson Group PLC,AAA,10.0,10.0,5.8,8.9
JJSF,J & J Snack Foods Corp.,B,2.6,1.5,5.3,4.1
JKHY,"Jack Henry & Associates, Inc.",BBB,5.6,6.7,3.9,6.7
JLL,Jones Lang LaSalle Incorporated,A,7.0,5.7,6.1,6.7
JNJ,Johnson & Johnson,BBB,5.6,5.9,4.4,4.1
JNPR,"Juniper Networks, Inc.",BBB,5.6,3.5,4.5,6.7
JOE,St. Joe Company,BBB,5.5,3.5,6.1,5.4
JPM,JPMorgan Chase & Co.,BB,2.9,6.6,5.2,2.0
JRVR,James River Group Holdings Ltd,B,1.5,4.0,1.9,5.7
JW.A,"John Wiley & Sons, Inc. Class A",A,6.8,7.7,5.7,6.6
JWN,"Nordstrom, Inc.",A,6.9,3.9,5.0,7.6
K,Kellogg Company,AAA,8.6,5.7,6.0,6.0
KALU,Kaiser Aluminum Corporation,BB,3.6,0.1,6.0,4.8
KAMN,Kaman Corporation Class A,BB,3.9,3.4,5.9,5.6
KAR,"KAR Auction Services, Inc.",AA,7.8,6.6,6.1,7.4
KBH,KB Home,A,6.9,6.5,4.1,5.8
KBR,"KBR, Inc.",BB,3.5,3.9,2.7,7.6
KELYA,"Kelly Services, Inc. Class A",AA,7.3,10.0,6.4,5.5
KEX,Kirby Corporation,CCC,0.0,2.6,4.4,5.0
KEY,KeyCorp,A,6.7,3.0,4.1,7.7
KEYS,Keysight Technologies Inc,AA,8.3,2.3,6.8,5.5
KFY,Korn Ferry,A,6.7,6.7,5.6,6.9
KHC,Kraft Heinz Company,BB,3.7,3.2,4.8,3.7
KIM,Kimco Realty Corporation,BBB,5.7,6.9,3.7,5.3
KLAC,KLA Corporation,BB,3.5,5.1,4.5,5.5
KLIC,"Kulicke & Soffa Industries, Inc.",A,6.1,3.6,6.5,6.4
KMB,Kimberly-Clark Corporation,AA,8.5,7.8,6.0,6.7
KMI,Kinder Morgan Inc Class P,BB,4.2,3.4,6.4,5.6
KMPR,Kemper Corporation,B,2.6,5.1,1.4,7.3
KMT,Kennametal Inc.,BBB,4.5,3.7,3.7,6.5
KMX,"CarMax, Inc.",BB,3.8,2.3,3.9,5.9
KN,Knowles Corp.,BBB,5.7,2.1,4.9,7.2
KNSL,"Kinsale Capital Group, Inc.",B,1.8,1.5,1.9,8.4
KNX,Knight-Swift Transportation Holdings Inc. Class A,BB,4.2,4.5,3.1,5.0
KO,Coca-Cola Company,AA,7.6,5.8,5.6,5.1
KOP,Koppers Holdings Inc.,BBB,4.3,4.0,0.3,7.1
KR,Kroger Co.,A,6.5,5.4,4.9,3.8
KRA,Kraton Corporation,BB,3.0,4.0,1.4,6.3
KRC,Kilroy Realty Corporation,A,5.9,8.2,3.8,4.5
KREF,KKR Real Estate Finance Trust Inc.,BB,4.1,6.7,3.8,5.6
KRG,Kite Realty Group Trust,B,1.6,5.4,2.7,3.9
KSS,Kohl's Corporation,BB,3.8,4.9,3.2,6.9
KSU,Kansas City Southern,AA,8.4,4.5,4.7,7.9
KTB,"Kontoor Brands, Inc.",A,7.1,4.0,5.5,6.1
KWR,Quaker Chemical Corporation,B,2.6,3.2,3.1,5.3
L,Loews Corporation,BB,4.1,4.9,3.3,4.3
LAD,"Lithia Motors, Inc. Class A",BBB,5.4,2.4,5.0,6.3
LAMR,Lamar Advertising Company Class A,B,2.3,8.3,3.3,4.1
LANC,Lancaster Colony Corporation,B,2.6,1.3,4.8,5.5
LB,"L Brands, Inc.",BB,3.6,3.3,3.7,5.5
LCI,"Lannett Company, Inc.",BB,3.9,4.2,3.7,3.8
LCII,LCI Industries,BB,3.9,2.9,4.9,6.3
LDL,"Lydall, Inc.",BBB,5.2,3.7,5.7,6.7
LDOS,"Leidos Holdings, Inc.",A,7.1,4.7,5.0,6.3
LEA,Lear Corporation,CCC,1.3,3.1,2.8,6.8
LECO,"Lincoln Electric Holdings, Inc.",BBB,5.5,4.0,7.0,5.3
LEG,"Leggett & Platt, Incorporated",BB,4.2,7.3,3.8,4.3
LEN,Lennar Corporation Class A,BB,3.1,5.3,2.0,4.3
LFUS,"Littelfuse, Inc.",BBB,5.2,4.0,4.9,4.6
LGIH,"LGI Homes, Inc.",A,6.1,4.2,5.9,5.4
LGND,Ligand Pharmaceuticals Incorporated,BBB,4.4,4.9,3.9,5.4
LH,Laboratory Corporation of America Holdings,BBB,5.7,10.0,5.5,3.7
LHCG,"LHC Group, Inc.",A,7.1,5.6,6.0,3.9
LHX,L3Harris Technologies Inc,A,6.6,3.1,5.5,4.6
LII,Lennox International Inc.,A,6.7,6.4,8.8,3.7
LIN,Linde plc,BBB,5.3,3.9,10.0,5.4
LITE,"Lumentum Holdings, Inc.",AA,7.2,2.5,5.6,6.8
LIVN,LivaNova Plc,BB,4.2,9.1,5.1,4.3
LKQ,LKQ Corporation,BBB,5.6,1.4,5.1,6.5
LL,"Lumber Liquidators Holdings, Inc.",BB,3.8,3.4,3.6,6.5
LLY,Eli Lilly and Company,A,6.4,5.2,4.4,4.4
LMAT,"LeMaitre Vascular, Inc.",BBB,4.8,6.3,7.0,3.3
LMNX,Luminex Corp,BBB,4.5,6.0,4.4,5.3
LMT,Lockheed Martin Corporation,A,5.9,4.5,4.8,5.2
LNC,Lincoln National Corporation,BBB,5.3,8.5,4.1,6.2
LNN,Lindsay Corporation,A,6.8,2.7,6.3,6.3
LNT,Alliant Energy Corp,A,7.0,5.6,7.9,7.5
LNTH,Lantheus Holdings Inc,BB,3.3,6.4,4.4,4.6
LOCO,El Pollo Loco Holdings Inc,A,7.0,4.5,5.1,6.2
LOPE,"Grand Canyon Education, Inc.",BB,3.8,5.9,3.6,6.5
LOW,"Lowe's Companies, Inc.",A,6.7,6.6,3.9,7.4
LPG,Dorian LPG Ltd.,@NA,#N/A,#N/A,#N/A,#N/A
LPI,"Laredo Petroleum, Inc.",BB,3.1,2.3,3.8,5.0
LPSN,"LivePerson, Inc.",BBB,5.0,3.2,4.8,3.9
LPX,Louisiana-Pacific Corporation,BBB,4.5,4.6,3.9,6.5
LQDT,"Liquidity Services, Inc.",@NA,#N/A,#N/A,#N/A,#N/A
LRCX,Lam Research Corporation,AA,7.7,2.4,8.5,6.9
LSI,"Life Storage, Inc.",BB,3.0,4.6,2.1,7.5
LSTR,"Landstar System, Inc.",A,6.8,4.7,3.5,7.4
LTC,"LTC Properties, Inc.",B,1.9,4.9,2.7,4.8
LTHM,Livent Corporation,B,2.6,3.5,1.3,5.5
LUMN,"Lumen Technologies, Inc.",BB,4.2,10.0,4.6,4.8
LUV,Southwest Airlines Co.,BB,3.3,2.7,4.8,5.1
LVS,Las Vegas Sands Corp.,BB,3.5,5.9,3.3,2.8
LW,"Lamb Weston Holdings, Inc.",A,6.3,3.4,5.4,7.1
LXP,Lexington Realty Trust,B,1.9,5.9,1.9,6.4
LYB,LyondellBasell Industries NV,BBB,4.9,3.3,4.9,7.2
LYV,"Live Nation Entertainment, Inc.",BB,3.6,8.6,5.1,3.6
LZB,LaZBoy Incorporated,BBB,5.4,4.5,4.4,6.1
M,Macy's Inc,BBB,5.6,5.5,3.9,6.5
MA,Mastercard Incorporated Class A,A,7.1,10.0,4.8,5.2
MAA,"Mid-America Apartment Communities, Inc.",BBB,5.1,5.6,3.6,7.0
MAC,Macerich Company,A,6.8,7.0,4.9,5.5
MAN,ManpowerGroup Inc.,A,5.8,10.0,4.8,5.9
MANH,"Manhattan Associates, Inc.",BBB,4.7,3.9,3.9,6.2
MANT,ManTech International Corporation Class A,BB,3.2,3.7,4.5,3.4
MAR,"Marriott International, Inc. Class A",BB,2.9,5.7,3.7,4.5
MAS,Masco Corporation,A,6.1,6.3,6.9,6.3
MASI,Masimo Corporation,B,1.8,6.5,4.4,3.8
MAT,"Mattel, Inc.",A,6.5,5.3,4.1,6.2
MATW,Matthews International Corporation Class A,AA,7.3,6.2,8.5,6.0
MATX,"Matson, Inc.",B,1.8,3.8,5.9,4.5
MCD,McDonald's Corporation,BB,3.9,9.2,3.3,5.3
MCHP,Microchip Technology Incorporated,BB,2.9,4.6,5.6,3.7
MCK,McKesson Corporation,BB,3.4,9.0,1.9,4.5
MCO,Moody's Corporation,A,7.0,8.7,5.1,5.2
MCRI,"Monarch Casino & Resort, Inc.",B,1.6,1.0,5.8,3.4
MCS,Marcus Corporation,BB,3.0,3.2,4.6,4.0
MCY,Mercury General Corporation,B,2.1,4.5,2.0,5.5
MD,"MEDNAX, Inc.",A,6.0,6.1,5.4,3.9
MDC,"M.D.C. Holdings, Inc.",BB,4.1,4.3,4.1,4.1
MDLZ,"Mondelez International, Inc. Class A",BBB,4.3,4.2,3.7,5.4
MDP,Meredith Corporation,B,1.8,6.6,3.7,3.2
MDRX,"Allscripts Healthcare Solutions, Inc.",AA,7.6,6.7,6.3,5.7
MDT,Medtronic Plc,BB,3.9,10.0,3.2,5.2
MDU,MDU Resources Group Inc,BBB,5.3,5.0,5.1,6.6
MED,"Medifast, Inc.",A,6.9,4.0,5.9,7.6
MEDP,"Medpace Holdings, Inc.",BB,3.0,5.5,4.6,4.1
MEI,"Methode Electronics, Inc.",AA,8.3,3.4,6.2,6.4
MERC,Mercer International Inc.,BB,3.2,3.8,6.2,6.8
MET,"MetLife, Inc.",BB,4.2,6.8,3.7,5.2
MGLN,"Magellan Health, Inc.",BBB,4.9,6.7,3.4,6.2
MGM,MGM Resorts International,BBB,4.5,5.4,4.0,4.5
MGPI,"MGP Ingredients, Inc.",BB,3.2,1.0,6.5,7.3
MHK,"Mohawk Industries, Inc.",A,6.2,8.4,4.6,4.1
MHO,"M/I Homes, Inc.",BB,3.3,5.2,3.6,2.8
MIDD,Middleby Corporation,A,6.1,4.5,5.9,5.7
MIK,Michaels Companies Inc,BBB,4.4,1.5,5.2,5.5
MKC,"McCormick & Company, Incorporated",A,6.0,3.2,5.4,5.6
MKSI,"MKS Instruments, Inc.",B,1.9,4.4,2.2,6.6
MKTX,MarketAxess Holdings Inc.,BB,4.0,8.0,0.0,6.2
MLAB,"Mesa Laboratories, Inc.",B,2.7,6.1,4.9,4.3
MLHR,"Herman Miller, Inc.",AA,7.8,10.0,6.9,6.8
MLI,"Mueller Industries, Inc.",B,2.3,2.4,6.1,4.8
MLM,"Martin Marietta Materials, Inc.",BB,4.1,3.1,5.5,6.4
MMC,"Marsh & McLennan Companies, Inc.",AA,7.2,10.0,6.0,6.2
MMI,"Marcus & Millichap, Inc.",AA,7.8,6.3,8.0,5.6
MMM,3M Company,AAA,10.0,6.5,6.5,7.4
MMS,"MAXIMUS, Inc.",BB,2.9,8.0,3.2,4.8
MMSI,"Merit Medical Systems, Inc.",A,7.0,7.5,6.4,4.5
MNRO,Monro Inc,BBB,5.1,3.6,4.6,5.8
MNST,Monster Beverage Corporation,CCC,0.0,1.3,3.6,5.7
MO,Altria Group Inc,BB,3.8,0.3,2.8,5.0
MODV,ModivCare Inc.,A,6.9,5.7,6.6,3.0
MOG.A,Moog Inc. Class A,A,6.9,3.8,7.1,3.3
MOH,"Molina Healthcare, Inc.",BB,4.0,8.0,3.1,5.2
MOS,Mosaic Company,A,7.0,4.5,7.3,6.4
MOV,"Movado Group, Inc.",AA,7.4,3.8,6.7,3.4
MPAA,"Motorcar Parts of America, Inc.",BB,3.9,4.9,4.2,3.6
MPC,Marathon Petroleum Corporation,BB,4.0,3.8,7.0,5.4
MPW,"Medical Properties Trust, Inc.",B,1.6,4.7,0.8,5.4
MPWR,"Monolithic Power Systems, Inc.",B,2.6,4.8,4.8,4.3
MRCY,"Mercury Systems, Inc.",A,6.9,3.0,6.6,4.3
MRK,"Merck & Co., Inc.",A,6.1,7.0,4.7,3.8
MRO,Marathon Oil Corporation,BBB,5.6,3.1,5.5,6.8
MRTN,"Marten Transport, Ltd.",BB,3.9,4.2,2.9,4.9
MS,Morgan Stanley,A,6.8,9.4,5.3,4.3
MSA,"MSA Safety, Inc.",BBB,5.5,6.3,5.4,7.2
MSCI,MSCI Inc. Class A,@NA,#N/A,#N/A,#N/A,#N/A
MSFT,Microsoft Corporation,AAA,10.0,7.2,6.6,7.9
MSI,"Motorola Solutions, Inc.",A,6.0,3.2,5.5,5.6
MSM,"MSC Industrial Direct Co., Inc. Class A",BB,3.2,3.7,7.4,4.3
MSTR,MicroStrategy Incorporated Class A,BB,3.8,3.5,4.9,3.7
MTB,M&T Bank Corporation,BBB,4.6,0.3,4.5,6.3
MTD,Mettler-Toledo International Inc.,AA,8.2,10.0,5.4,6.6
MTDR,Matador Resources Company,B,2.8,2.4,3.7,4.8
MTG,MGIC Investment Corporation,BBB,5.4,5.0,3.9,7.3
MTH,Meritage Homes Corporation,BBB,5.3,5.6,4.5,4.2
MTOR,"Meritor, Inc.",BBB,5.4,3.6,6.1,5.5
MTRN,Materion Corporation,BB,4.0,1.2,4.9,6.1
MTRX,Matrix Service Company,BB,4.0,6.2,3.8,4.5
MTSC,MTS Systems Corporation,A,7.0,4.1,5.2,6.4
MTX,Minerals Technologies Inc.,A,6.0,4.3,6.5,6.2
MTZ,"MasTec, Inc.",BB,4.1,3.5,3.8,3.7
MU,"Micron Technology, Inc.",BB,4.2,3.9,4.9,4.9
MUR,Murphy Oil Corporation,B,2.3,1.9,5.7,4.0
MUSA,"Murphy USA, Inc.",A,6.7,5.7,5.9,5.6
MXIM,"Maxim Integrated Products, Inc.",A,6.5,4.7,6.9,6.7
MXL,MaxLinear inc,B,2.6,4.4,3.6,6.7
MYE,"Myers Industries, Inc.",BBB,5.2,6.5,2.4,7.5
MYGN,"Myriad Genetics, Inc.",B,2.8,5.0,3.9,4.4
MYRG,MYR Group Inc.,A,6.7,4.2,6.1,4.3
NATI,National Instruments Corporation,AA,8.3,4.4,5.8,5.9
NAVI,Navient Corp,B,2.0,7.3,3.1,7.1
NBHC,National Bank Holdings Corporation Class A,BBB,4.6,1.3,3.3,8.4
NBR,Nabors Industries Ltd.,B,1.8,3.9,4.6,4.4
NBTB,NBT Bancorp Inc.,BB,3.3,1.8,3.2,7.5
NCLH,Norwegian Cruise Line Holdings Ltd.,BBB,5.0,5.2,3.7,7.7
NCR,NCR Corporation,BBB,5.2,3.0,5.9,5.1
NDAQ,"Nasdaq, Inc.",BB,3.7,9.0,1.8,6.2
NDSN,Nordson Corporation,BB,3.5,2.9,5.1,5.9
NEE,"NextEra Energy, Inc.",AAA,9.4,8.3,5.4,4.1
NEM,Newmont Corporation,A,6.9,2.8,5.3,5.7
NEO,"NeoGenomics, Inc.",BBB,4.8,5.9,5.9,4.6
NEOG,Neogen Corporation,BB,3.0,5.9,4.5,4.4
NEU,NewMarket Corporation,B,2.6,3.6,1.4,5.7
NFBK,"Northfield Bancorp, Inc.",BB,3.3,4.6,3.4,5.6
NFG,National Fuel Gas Company,BBB,5.1,3.4,8.4,7.1
NFLX,"Netflix, Inc.",B,1.6,8.3,4.5,1.8
NGVT,Ingevity Corporation,B,2.6,3.4,2.1,7.6
NI,NiSource Inc,BBB,5.5,5.2,4.6,5.8
NJR,New Jersey Resources Corporation,BBB,5.5,5.0,6.1,5.9
NKE,"NIKE, Inc. Class B",A,5.9,7.6,3.9,4.5
NKTR,Nektar Therapeutics,BB,4.2,2.2,3.4,4.7
NLOK,NortonLifeLock Inc.,A,7.1,3.9,6.3,5.6
NLSN,Nielsen Holdings Plc,A,6.7,10.0,5.5,6.7
NMIH,"NMI Holdings, Inc. Class A",B,2.5,5.0,3.0,6.5
NNN,"National Retail Properties, Inc.",B,1.9,3.5,1.8,7.2
NOC,Northrop Grumman Corporation,AA,8.4,3.3,5.3,6.2
NOV,NOV Inc.,A,6.3,6.1,6.9,5.6
NOW,"ServiceNow, Inc.",A,7.1,5.0,5.1,6.9
NP,Neenah Inc,B,1.8,3.2,5.8,5.7
NPK,"National Presto Industries, Inc.",BB,4.1,3.1,5.8,3.5
NPO,"EnPro Industries, Inc.",BBB,5.2,4.0,4.4,6.0
NRG,"NRG Energy, Inc.",B,2.1,2.8,4.4,5.7
NSA,National Storage Affiliates Trust,B,1.9,4.0,1.6,7.1
NSC,Norfolk Southern Corporation,A,7.1,5.6,4.3,5.4
NSIT,"Insight Enterprises, Inc.",A,7.0,3.6,4.1,7.3
NSP,"Insperity, Inc.",BBB,5.2,7.0,5.4,5.9
NTAP,"NetApp, Inc.",BB,4.0,4.2,3.8,6.5
NTCT,"NetScout Systems, Inc.",BBB,4.4,3.5,4.6,5.8
NTGR,"NETGEAR, Inc.",BBB,5.2,2.6,4.4,6.5
NTRS,Northern Trust Corporation,AA,8.5,10.0,6.0,5.9
NTUS,Natus Medical Incorporated,BB,4.2,6.3,5.3,4.4
NUE,Nucor Corporation,BBB,5.6,3.1,5.3,6.5
NUS,"Nu Skin Enterprises, Inc. Class A",BB,3.8,4.3,4.5,5.3
NUVA,"NuVasive, Inc.",BB,4.2,6.1,4.9,4.6
NVDA,NVIDIA Corporation,AAA,9.4,5.2,8.3,6.2
NVR,"NVR, Inc.",BBB,4.5,5.1,4.1,3.7
NVT,nVent Electric plc,B,1.9,2.4,5.1,5.7
NWBI,"Northwest Bancshares, Inc.",B,2.5,5.0,2.7,7.3
NWE,NorthWestern Corporation,BB,4.0,4.9,0.8,7.5
NWL,Newell Brands Inc,A,5.8,10.0,3.3,5.5
NWN,Northwest Natural Holding Co.,BBB,4.5,3.6,6.5,5.3
NWSA,News Corporation Class A,CCC,1.1,5.1,3.5,2.7
NX,Quanex Building Products Corporation,BB,4.2,4.5,6.0,6.8
NXGN,"NextGen Healthcare, Inc.",BBB,4.5,6.7,3.5,7.3
NXRT,NexPoint Residential Trust Inc,B,2.7,4.1,3.1,5.7
NYCB,"New York Community Bancorp, Inc.",BBB,5.0,6.5,4.6,5.2
NYMT,"New York Mortgage Trust, Inc.",B,1.8,6.7,2.8,4.6
NYT,New York Times Company Class A,A,6.4,9.9,4.3,5.9
O,Realty Income Corporation,BB,3.8,4.4,3.6,7.5
OC,Owens Corning,AA,8.2,6.3,6.8,6.1
ODFL,"Old Dominion Freight Line, Inc.",BB,4.2,3.9,2.7,6.7
ODP,ODP Corporation,BBB,4.9,3.9,4.1,5.6
OFC,Corporate Office Properties Trust,A,6.5,7.3,5.0,5.5
OFG,OFG Bancorp,BB,2.9,2.7,3.1,7.0
OFIX,"Orthofix Medical, Inc.",BBB,4.8,6.2,5.6,4.8
OGE,OGE Energy Corp.,BBB,4.5,5.2,2.6,6.8
OGS,"ONE Gas, Inc.",A,6.2,2.7,8.1,8.2
OHI,"Omega Healthcare Investors, Inc.",B,2.7,5.4,2.7,5.7
OI,O-I Glass Inc,BBB,4.4,5.1,4.6,6.3
OII,"Oceaneering International, Inc.",A,6.8,6.4,10.0,4.9
OIS,"Oil States International, Inc.",BBB,4.3,6.2,5.4,4.3
OKE,"ONEOK, Inc.",A,7.1,5.6,6.4,6.9
OLED,Universal Display Corporation,BBB,4.8,7.8,4.4,5.2
OLLI,Ollie's Bargain Outlet Holdings Inc,B,1.8,3.4,2.5,5.1
OLN,Olin Corporation,CCC,0.0,1.2,3.2,5.6
OMC,Omnicom Group Inc,BBB,5.0,10.0,3.7,5.5
OMCL,"Omnicell, Inc.",BB,3.6,8.3,4.2,5.3
OMI,"Owens & Minor, Inc.",A,6.6,8.0,6.3,4.9
ONB,Old National Bancorp,BB,3.3,0.2,3.8,6.7
ONTO,"Onto Innovation, Inc.",BBB,5.2,4.6,4.6,6.8
OPI,Office Properties Income Trust,B,2.7,6.3,4.6,3.5
ORCL,Oracle Corporation,BBB,4.7,6.8,4.3,2.9
ORI,Old Republic International Corporation,B,1.5,2.3,3.8,3.0
ORLY,"O'Reilly Automotive, Inc.",B,2.8,2.2,3.3,5.9
OSIS,"OSI Systems, Inc.",A,6.1,4.2,5.9,4.5
OSK,Oshkosh Corp,AA,8.1,3.9,7.0,7.8
OSPN,OneSpan Inc.,BBB,4.4,3.7,4.1,5.4
OSUR,"OraSure Technologies, Inc.",A,7.0,6.1,5.9,5.4
OTIS,Otis Worldwide Corporation,@NA,#N/A,#N/A,#N/A,#N/A
OXM,"Oxford Industries, Inc.",BBB,5.3,2.2,5.3,6.5
OXY,Occidental Petroleum Corporation,BB,4.0,3.4,4.5,5.3
OZK,Bank OZK,BBB,5.4,1.2,4.2,7.3
PACW,PacWest Bancorp,BB,2.9,1.3,3.2,7.3
PAHC,Phibro Animal Health Corporation Class A,BBB,5.6,5.6,6.5,1.8
PARR,Par Pacific Holdings Inc,B,2.7,2.3,4.6,7.0
PATK,"Patrick Industries, Inc.",B,2.7,4.9,3.5,5.0
PAYC,"Paycom Software, Inc.",A,7.1,3.0,5.9,6.8
PAYX,"Paychex, Inc.",BBB,5.6,7.0,3.8,6.1
PB,"Prosperity Bancshares, Inc.(R)",BB,2.9,2.2,3.9,5.9
PBCT,"People's United Financial, Inc.",A,5.8,1.4,4.9,5.9
PBF,"PBF Energy, Inc. Class A",BB,3.5,2.8,6.8,4.5
PBH,Prestige Consumer Healthcare Inc,BB,3.1,5.0,3.3,3.5
PBI,Pitney Bowes Inc.,AA,7.8,9.7,8.3,4.4
PCAR,PACCAR Inc,BBB,4.6,4.1,5.3,6.0
PCH,PotlatchDeltic Corporation,BB,3.2,5.2,2.1,5.5
PCRX,"Pacira Biosciences, Inc.",BB,3.6,4.9,3.4,3.6
PCTY,Paylocity Holding Corp.,A,7.1,3.5,5.6,6.8
PDCE,"PDC Energy, Inc.",B,2.3,2.0,3.4,5.1
PDCO,"Patterson Companies, Inc.",AAA,10.0,5.9,10.0,6.2
PDFS,"PDF Solutions, Inc.",BB,3.2,6.7,2.9,5.8
PEAK,"Healthpeak Properties, Inc.",AA,7.6,7.7,4.1,6.6
PEB,Pebblebrook Hotel Trust,B,2.2,5.8,0.6,6.2
PEG,Public Service Enterprise Group Inc,A,7.0,6.5,6.0,4.9
PEN,"Penumbra, Inc.",A,6.4,6.3,6.4,4.8
PENN,"Penn National Gaming, Inc.",BBB,4.5,5.1,4.1,4.4
PEP,"PepsiCo, Inc.",AA,7.9,6.3,5.5,7.3
PETS,"PetMed Express, Inc.",BB,3.8,3.3,3.4,6.4
PFBC,Preferred Bank,B,2.5,1.2,3.8,5.9
PFE,Pfizer Inc.,B,2.8,4.7,2.7,3.8
PFG,"Principal Financial Group, Inc.",BBB,5.3,5.8,4.8,4.5
PFS,"Provident Financial Services, Inc.",BB,4.2,5.0,3.0,7.6
PG,Procter & Gamble Company,AA,7.9,7.4,5.4,5.1
PGR,Progressive Corporation,BBB,4.7,4.1,3.1,7.2
PGTI,"PGT Innovations, Inc.",BB,3.0,5.2,4.5,4.7
PH,Parker-Hannifin Corporation,A,6.1,4.8,4.1,7.3
PHM,"PulteGroup, Inc.",BB,3.5,4.3,2.5,4.9
PII,Polaris Inc.,B,1.7,5.6,3.0,6.2
PIPR,Piper Sandler Companies,B,2.4,3.4,1.6,5.8
PK,"Park Hotels & Resorts, Inc.",BBB,4.6,6.1,4.7,4.5
PKE,Park Aerospace Corp.,BB,3.0,3.0,4.2,5.6
PKG,Packaging Corporation of America,B,2.0,3.6,4.5,6.6
PKI,"PerkinElmer, Inc.",BBB,5.2,9.7,4.9,6.0
PLAB,"Photronics, Inc.",B,2.3,3.1,4.9,5.5
PLAY,"Dave & Buster's Entertainment, Inc.",BBB,4.3,4.5,3.9,7.2
PLCE,"Children's Place, Inc.",BBB,5.6,3.3,4.4,7.5
PLD,"Prologis, Inc.",AA,7.3,7.1,5.7,5.2
PLMR,"Palomar Holdings, Inc.",B,2.6,1.5,2.5,7.9
PLT,"Plantronics, Inc.",A,6.0,2.0,5.8,6.0
PLUS,ePlus inc.,A,6.5,2.8,4.8,6.7
PLXS,Plexus Corp.,A,7.0,4.4,5.4,5.8
PM,Philip Morris International Inc.,BBB,5.4,2.2,2.9,6.5
PMT,PennyMac Mortgage Investment Trust,B,1.8,6.7,4.0,3.2
PNC,"PNC Financial Services Group, Inc.",A,7.1,5.2,4.7,5.9
PNFP,"Pinnacle Financial Partners, Inc.",BBB,4.6,1.2,4.6,5.8
PNM,"PNM Resources, Inc.",BB,3.0,3.7,2.3,7.3
PNR,Pentair plc,BBB,5.5,4.7,2.0,7.0
PNTG,Pennant Group Inc,A,6.9,5.4,4.9,5.6
PNW,Pinnacle West Capital Corporation,A,7.0,6.1,6.3,5.2
POOL,Pool Corporation,A,6.9,1.5,6.0,6.7
POST,"Post Holdings, Inc.",BB,4.0,2.1,5.4,5.3
POWI,"Power Integrations, Inc.",BBB,4.5,5.4,4.9,5.8
POWL,"Powell Industries, Inc.",B,1.6,3.1,3.8,5.5
PPBI,"Pacific Premier Bancorp, Inc.",B,2.5,1.0,3.0,7.3
PPC,Pilgrim's Pride Corporation,BB,4.0,1.3,5.2,4.9
PPG,"PPG Industries, Inc.",A,6.7,7.1,1.0,4.6
PPL,PPL Corporation,BBB,5.7,5.6,4.5,6.3
PRA,ProAssurance Corporation,BB,3.2,4.5,2.7,5.1
PRAA,"PRA Group, Inc.",A,6.0,6.7,4.4,6.0
PRAH,"PRA Health Sciences, Inc.",BB,3.6,8.2,4.6,4.7
PRDO,Perdoceo Education Corporation,CCC,0.0,5.9,1.6,5.7
PRFT,"Perficient, Inc.",BBB,4.4,3.7,3.7,6.4
PRG,"PROG Holdings, Inc.",A,6.2,3.4,5.3,6.2
PRGO,Perrigo Co. Plc,BBB,5.6,3.3,3.6,6.0
PRGS,Progress Software Corporation,A,6.2,4.8,4.2,6.9
PRI,"Primerica, Inc.",BB,4.2,6.6,3.4,7.4
PRK,Park National Corporation,BB,2.9,2.7,2.8,7.5
PRLB,"Proto Labs, Inc.",BBB,5.2,3.1,5.3,6.4
PRSP,"Perspecta, Inc.",BB,2.9,3.5,2.7,6.4
PRU,"Prudential Financial, Inc.",A,6.9,6.7,5.4,4.9
PSA,Public Storage,B,1.6,4.1,3.9,4.7
PSB,"PS Business Parks, Inc.",B,2.2,4.9,1.6,6.6
PSMT,"PriceSmart, Inc.",A,5.8,2.4,5.3,5.2
PSX,Phillips 66,BBB,5.6,4.4,8.0,6.3
PTC,PTC Inc.,A,7.1,3.3,5.2,6.2
PTEN,"Patterson-UTI Energy, Inc.",B,2.3,4.2,2.5,5.8
PUMP,ProPetro Holding Corp.,B,2.0,4.4,1.3,4.8
PVAC,Penn Virginia Corporation,B,2.8,1.5,3.0,6.7
PVH,PVH Corp.,AA,8.2,5.5,5.7,5.9
PWR,"Quanta Services, Inc.",AA,8.5,3.5,5.7,5.3
PXD,Pioneer Natural Resources Company,BB,3.6,2.0,4.7,5.9
PYPL,PayPal Holdings Inc,A,6.5,9.0,4.5,6.4
PZZA,"Papa John's International, Inc.",B,1.7,4.4,4.2,4.4
QCOM,Qualcomm Inc,B,1.6,3.9,5.2,4.4
QDEL,Quidel Corporation,BBB,5.2,6.0,4.9,5.4
QEP,"QEP Resources, Inc.",BB,3.3,1.8,3.5,6.2
QLYS,"Qualys, Inc.",BBB,5.3,3.7,4.6,6.3
QNST,"QuinStreet, Inc.",B,2.8,6.2,1.6,4.6
QRVO,"Qorvo, Inc.",BB,3.9,5.0,4.9,6.5
R,"Ryder System, Inc.",AA,8.4,10.0,3.4,6.6
RAMP,"LiveRamp Holdings, Inc.",B,2.1,6.7,3.0,4.2
RAVN,"Raven Industries, Inc.",AA,7.7,4.0,5.4,5.9
RBC,Regal Beloit Corp,BBB,4.4,4.5,5.7,6.5
RC,Ready Capital Corporation,BB,3.2,6.7,3.3,5.9
RCII,Rent-A-Center Inc,BBB,5.6,5.0,4.3,6.6
RCL,Royal Caribbean Group,BBB,4.6,5.7,4.1,4.5
RCM,R1 RCM Inc,AA,8.0,6.7,6.5,4.4
RDNT,"RadNet, Inc.",BBB,4.9,5.9,5.7,3.3
RE,"Everest Re Group, Ltd.",CCC,1.2,1.3,4.4,7.0
REG,Regency Centers Corporation,A,6.8,6.3,4.8,6.4
REGI,"Renewable Energy Group, Inc.",BBB,5.4,4.0,6.9,6.8
REGN,"Regeneron Pharmaceuticals, Inc.",BB,3.6,5.8,5.5,3.7
RES,"RPC, Inc.",BB,3.0,6.1,3.2,3.6
REX,REX American Resources Corporation,B,2.3,2.4,4.9,5.9
REXR,"Rexford Industrial Realty, Inc.",BB,4.1,5.9,2.7,6.2
REZI,"Resideo Technologies, Inc.",A,6.7,5.4,7.4,7.0
RF,Regions Financial Corporation,A,7.1,3.1,4.9,6.8
RGA,"Reinsurance Group of America, Incorporated",BB,4.2,5.3,3.8,7.6
RGEN,Repligen Corporation,A,6.0,8.3,5.0,4.1
RGLD,"Royal Gold, Inc.",A,6.7,4.3,5.3,4.8
RGNX,"REGENXBIO, Inc.",BB,3.6,7.1,3.6,4.8
RGP,"Resources Connection, Inc.",BBB,4.8,7.0,4.6,6.5
RGR,"Sturm, Ruger & Company, Inc.",B,1.7,1.9,4.6,4.5
RGS,Regis Corporation,BB,3.8,6.7,2.7,7.4
RH,RH,BB,3.8,3.9,3.3,5.9
RHI,Robert Half International Inc.,AA,8.2,9.0,6.5,7.0
RJF,"Raymond James Financial, Inc.",BB,2.9,1.4,2.3,5.6
RL,Ralph Lauren Corporation Class A,BB,3.5,4.7,4.2,3.1
RLGY,Realogy Holdings Corp.,BBB,5.4,4.1,7.0,5.4
RLI,RLI Corp.,B,2.1,0.0,2.9,7.7
RMAX,"RE/MAX Holdings, Inc.",B,2.4,3.9,5.6,3.0
RMBS,Rambus Inc.,BBB,4.8,6.5,4.0,6.0
RMD,ResMed Inc.,AA,7.9,9.4,6.6,5.3
RNR,RenaissanceRe Holdings Ltd.,B,1.6,4.5,2.5,7.4
RNST,Renasant Corporation,B,1.7,2.4,2.9,6.5
ROCK,"Gibraltar Industries, Inc.",BB,3.9,5.1,3.2,6.4
ROG,Rogers Corporation,A,6.5,3.6,4.7,7.2
ROIC,Retail Opportunity Investments Corp.,B,1.9,2.9,4.7,5.2
ROK,"Rockwell Automation, Inc.",A,6.6,5.7,6.8,6.4
ROL,"Rollins, Inc.",BB,3.3,3.4,7.0,1.6
ROP,"Roper Technologies, Inc.",A,6.5,4.8,2.9,5.8
ROST,"Ross Stores, Inc.",BB,3.1,3.9,3.2,5.7
RPAI,"Retail Properties of America, Inc. Class A",B,1.9,3.9,1.5,7.2
RPM,RPM International Inc.,BB,3.3,4.0,1.3,5.9
RPT,RPT Realty,B,1.9,4.9,0.6,7.1
RRC,Range Resources Corporation,BB,3.1,1.8,4.4,6.1
RRGB,"Red Robin Gourmet Burgers, Inc.",BBB,5.2,5.1,4.0,8.5
RS,Reliance Steel & Aluminum Co.,A,6.9,4.0,4.4,7.8
RSG,"Republic Services, Inc.",B,2.7,3.5,4.1,6.7
RTX,Raytheon Technologies Corporation,A,6.6,5.2,5.1,5.0
RUN,Sunrun Inc.,A,6.8,6.8,5.1,5.2
RUTH,"Ruth's Hospitality Group, Inc.",BB,3.5,4.5,4.1,5.7
RWT,"Redwood Trust, Inc.",BB,3.2,6.7,3.3,4.5
RYAM,Rayonier Advanced Materials Inc,B,1.6,3.4,1.3,5.1
RYN,Rayonier Inc.,BB,3.2,4.5,2.8,7.1
SABR,Sabre Corp.,BBB,5.6,8.0,4.2,5.5
SAFE,Safehold Inc.,B,1.6,2.9,3.7,5.9
SAFM,"Sanderson Farms, Inc.",B,2.6,1.5,4.2,6.2
SAFT,"Safety Insurance Group, Inc.",B,2.6,4.5,2.2,5.9
SAH,"Sonic Automotive, Inc. Class A",BB,3.6,2.5,4.8,3.4
SAIA,"Saia, Inc.",BB,4.2,3.9,2.6,6.8
SAIC,Science Applications International Corp.,BB,3.2,4.5,1.8,7.5
SAIL,"SailPoint Technologies Holdings, Inc.",BB,4.1,3.0,3.9,6.1
SAM,"Boston Beer Company, Inc. Class A",B,1.6,1.1,4.9,6.3
SANM,Sanmina Corporation,BB,3.0,4.4,4.4,4.4
SBAC,SBA Communications Corp. Class A,BBB,5.5,6.2,7.7,4.0
SBCF,Seacoast Banking Corporation of Florida,BB,4.2,1.5,3.1,8.1
SBH,"Sally Beauty Holdings, Inc.",BBB,4.4,0.7,4.2,6.7
SBNY,Signature Bank,BB,4.2,1.6,4.9,4.6
SBRA,"Sabra Health Care REIT, Inc.",BB,3.8,6.1,2.0,6.4
SBSI,"Southside Bancshares, Inc.",BB,2.9,1.3,3.2,7.3
SBUX,Starbucks Corporation,BBB,5.2,7.4,3.9,6.9
SCHL,Scholastic Corporation,BBB,4.5,8.2,4.8,3.2
SCHW,Charles Schwab Corporation,BB,4.2,10.0,3.7,4.7
SCI,Service Corporation International,BBB,5.0,5.9,4.9,4.2
SCL,Stepan Company,BBB,4.7,4.7,2.7,7.2
SCSC,"ScanSource, Inc.",BB,3.5,3.7,3.7,5.8
SCVL,"Shoe Carnival, Inc.",BBB,4.4,3.2,4.4,5.4
SEDG,"SolarEdge Technologies, Inc.",BB,2.9,9.0,0.6,6.0
SEE,Sealed Air Corporation,BBB,5.2,6.0,1.8,6.0
SEIC,SEI Investments Company,B,2.6,7.0,3.6,4.9
SEM,Select Medical Holdings Corporation,A,7.1,5.2,5.4,5.3
SENEA,Seneca Foods Corporation Class A,@NA,#N/A,#N/A,#N/A,#N/A
SF,Stifel Financial Corp.,B,2.6,1.9,2.1,6.2
SFBS,ServisFirst Bancshares Inc,BBB,5.0,2.0,4.4,6.4
SFM,"Sprouts Farmers Markets, Inc.",BBB,5.2,2.7,4.2,7.2
SFNC,Simmons First National Corporation Class A,BBB,5.4,2.1,3.9,7.3
SGH,"SMART Global Holdings, Inc.",B,2.6,4.8,4.3,4.1
SGMS,Scientific Games Corporation,BB,3.5,4.9,4.9,3.5
SHAK,"Shake Shack, Inc. Class A",BBB,5.2,5.6,4.5,5.5
SHEN,Shenandoah Telecommunications Company,BBB,4.5,7.6,4.7,5.2
SHOO,"Steven Madden, Ltd.",BB,3.8,1.3,4.5,6.9
SHW,Sherwin-Williams Company,BBB,5.6,6.2,0.6,5.3
SIG,Signet Jewelers Limited,BBB,5.4,1.4,4.9,5.7
SIGI,"Selective Insurance Group, Inc.",BB,3.2,1.3,3.6,6.2
SITC,SITE Centers Corp.,BB,4.1,4.5,4.0,6.7
SIVB,SVB Financial Group,A,7.1,2.1,4.3,8.4
SIX,Six Flags Entertainment Corporation,BB,2.9,2.4,5.2,5.8
SJI,"South Jersey Industries, Inc.",A,6.4,4.0,8.9,6.2
SJM,J.M. Smucker Company,BBB,4.3,3.9,4.5,3.3
SKT,"Tanger Factory Outlet Centers, Inc.",B,2.4,5.1,2.9,4.7
SKX,"Skechers U.S.A., Inc. Class A",B,2.4,1.6,4.3,4.3
SKYW,"SkyWest, Inc",B,2.6,0.0,5.2,6.5
SLAB,Silicon Laboratories Inc.,BBB,4.5,4.6,4.9,6.6
SLB,Schlumberger NV,BBB,5.7,7.1,4.9,4.8
SLCA,"U.S. Silica Holdings, Inc.",A,6.5,5.5,6.1,6.7
SLG,SL Green Realty Corp.,BB,3.2,8.7,3.3,2.6
SLGN,Silgan Holdings Inc.,B,2.4,5.1,3.6,5.2
SLM,SLM Corp,B,2.0,6.7,3.6,6.5
SLP,"Simulations Plus, Inc.",BB,3.6,6.7,4.2,5.3
SM,SM Energy Company,BB,3.1,1.8,3.6,6.1
SMG,Scotts Miracle-Gro Company Class A,BB,3.0,4.5,1.5,6.3
SMP,"Standard Motor Products, Inc.",BB,3.9,2.5,4.6,5.9
SMPL,Simply Good Foods Co,BBB,4.3,1.4,6.1,5.9
SMTC,Semtech Corporation,BB,4.2,5.1,5.0,5.6
SNA,Snap-on Incorporated,A,5.8,4.5,4.8,6.2
SNBR,Sleep Number Corporation,BBB,4.6,2.6,3.7,7.4
SNEX,StoneX Group Inc.,BBB,4.7,4.2,2.6,6.9
SNPS,"Synopsys, Inc.",BB,2.9,4.5,3.0,4.6
SNV,Synovus Financial Corp.,BB,2.9,0.1,3.4,7.2
SNX,SYNNEX Corporation,BBB,5.7,3.6,5.3,4.5
SO,Southern Company,AA,7.4,6.6,5.2,6.0
SON,Sonoco Products Company,BBB,4.8,5.1,4.5,6.3
SPG,"Simon Property Group, Inc.",BBB,4.6,6.6,4.0,4.6
SPGI,"S&P Global, Inc.",A,7.0,10.0,2.8,5.9
SPOK,"Spok Holdings, Inc.",@NA,#N/A,#N/A,#N/A,#N/A
SPPI,"Spectrum Pharmaceuticals, Inc.",B,1.6,5.1,3.2,4.6
SPSC,"SPS Commerce, Inc.",BBB,5.0,3.7,3.7,7.0
SPTN,SpartanNash Company,A,5.8,2.6,4.4,7.0
SPXC,SPX Corporation,BB,4.2,3.9,5.1,5.3
SR,Spire Inc.,BB,4.0,2.5,6.4,5.0
SRC,"Spirit Realty Capital, Inc.",B,2.2,3.8,3.1,6.1
SRCL,"Stericycle, Inc.",CCC,0.4,0.8,4.4,5.6
SRDX,Surmodics Inc,BBB,4.8,6.2,6.3,4.0
SRE,Sempra Energy,A,6.0,5.7,3.1,7.3
SSD,"Simpson Manufacturing Co., Inc.",B,1.8,3.2,6.8,6.1
SSP,E. W. Scripps Company Class A,BB,3.9,8.0,4.4,4.5
SSTK,"Shutterstock, Inc.",B,2.8,6.2,2.5,5.7
STAA,STAAR Surgical Company,A,5.8,6.0,6.1,4.7
STAR,iStar Inc.,BB,3.5,5.6,3.9,4.9
STBA,"S&T Bancorp, Inc.",BB,4.2,1.2,3.4,7.9
STC,Stewart Information Services Corporation,BB,2.9,2.6,2.6,7.2
STE,STERIS Plc,A,5.8,8.9,5.3,5.3
STL,Sterling Bancorp,BB,3.3,1.2,3.3,7.3
STLD,"Steel Dynamics, Inc.",BBB,5.6,2.3,5.6,6.7
STMP,Stamps.com Inc.,B,2.8,6.2,4.9,1.8
STOR,STORE Capital Corporation,B,2.7,4.5,2.7,6.7
STRA,"Strategic Education, Inc.",B,2.7,4.6,3.6,5.7
STT,State Street Corporation,AA,8.5,10.0,5.6,6.4
STX,Seagate Technology PLC,BBB,5.2,3.5,4.2,7.1
STZ,"Constellation Brands, Inc. Class A",BB,2.9,3.3,5.6,3.7
SUPN,"Supernus Pharmaceuticals, Inc.",BBB,4.4,4.9,3.8,3.5
SVC,Service Properties Trust,BB,4.1,6.4,5.3,0.5
SWK,"Stanley Black & Decker, Inc.",BBB,5.2,4.0,2.9,6.8
SWKS,"Skyworks Solutions, Inc.",A,5.8,5.4,7.0,5.4
SWM,"Schweitzer-Mauduit International, Inc.",B,1.8,3.6,4.5,6.0
SWN,Southwestern Energy Company,BBB,4.9,2.2,5.7,6.6
SWX,"Southwest Gas Holdings, Inc.",A,6.0,4.8,5.8,6.2
SXC,"SunCoke Energy, Inc.",BB,4.1,1.1,5.6,7.7
SXI,Standex International Corporation,BB,3.5,3.9,3.9,5.6
SXT,Sensient Technologies Corporation,BB,3.0,4.0,3.1,5.9
SYF,Synchrony Financial,BB,4.0,8.0,3.9,6.4
SYK,Stryker Corporation,B,2.4,8.9,3.7,4.5
SYKE,"Sykes Enterprises, Incorporated",A,5.9,8.3,4.1,5.3
SYNA,Synaptics Incorporated,BB,4.2,4.9,5.0,5.9
SYNH,"Syneos Health, Inc. Class A",B,2.1,5.7,3.7,4.7
SYY,Sysco Corporation,BBB,5.5,2.7,4.5,6.8
T,AT&T Inc.,BB,3.0,10.0,4.8,4.0
TALO,"Talos Energy, Inc.",BB,3.3,1.9,3.5,6.2
TAP,Molson Coors Beverage Company Class B,AA,8.2,5.6,8.9,3.2
TBI,"TrueBlue, Inc.",AA,8.5,8.0,6.2,7.9
TBK,"Triumph Bancorp, Inc.",BB,3.7,1.2,3.0,8.1
TCBI,"Texas Capital Bancshares, Inc.",BBB,4.6,1.0,4.4,6.3
TCF,TCF Financial Corporation,BBB,4.6,1.5,3.5,7.5
TCMD,"Tactile Systems Technology, Inc.",A,6.4,6.2,6.8,3.4
TDC,Teradata Corporation,AAA,10.0,6.0,6.6,6.9
TDG,TransDigm Group Incorporated,BB,4.1,2.4,4.1,4.3
TDS,"Telephone and Data Systems, Inc.",B,1.8,6.2,4.4,4.8
TDY,Teledyne Technologies Incorporated,BBB,5.6,3.9,5.1,4.6
TECH,Bio-Techne Corporation,BB,3.6,7.1,3.2,5.6
TEL,TE Connectivity Ltd.,AA,7.4,4.9,4.0,6.7
TER,"Teradyne, Inc.",BB,2.9,4.2,3.8,5.8
TEX,Terex Corporation,BBB,4.9,4.3,5.3,4.3
TFC,Truist Financial Corporation,BBB,5.0,1.3,4.3,7.0
TFX,Teleflex Incorporated,BB,3.6,7.6,4.2,4.7
TG,Tredegar Corporation,B,2.0,3.0,0.3,6.3
TGI,"Triumph Group, Inc.",BB,4.1,2.0,3.7,5.2
TGNA,"TEGNA, Inc.",BBB,5.5,8.0,4.6,5.2
TGT,Target Corporation,A,6.4,6.2,4.7,6.0
THC,Tenet Healthcare Corporation,BB,4.0,6.5,3.9,4.6
THG,"Hanover Insurance Group, Inc.",BBB,5.3,3.3,3.6,7.6
THO,"Thor Industries, Inc.",BBB,5.5,5.4,3.5,5.1
THRM,Gentherm Incorporated,AA,7.8,4.1,5.0,7.4
THS,"TreeHouse Foods, Inc.",BBB,5.1,2.7,5.1,6.5
TILE,"Interface, Inc.",BBB,4.5,7.5,4.9,3.7
TISI,"Team, Inc.",AA,8.2,4.9,7.2,7.5
TJX,TJX Companies Inc,BBB,4.9,3.6,4.2,6.8
TKR,Timken Company,BB,3.9,4.2,4.3,6.1
TMHC,Taylor Morrison Home Corporation,BBB,5.7,5.4,3.7,5.6
TMO,Thermo Fisher Scientific Inc.,BB,4.2,10.0,3.3,5.9
TMP,Tompkins Financial Corporation,B,2.5,1.4,3.7,5.9
TMST,TimkenSteel Corp,B,2.6,0.9,4.8,6.5
TMUS,"T-Mobile US, Inc.",BB,3.0,10.0,4.8,4.2
TNC,Tennant Company,A,6.5,5.5,4.6,6.0
TOL,"Toll Brothers, Inc.",BB,3.5,4.1,2.1,4.9
TPH,"Tri Pointe Homes, Inc.",BB,4.1,3.6,4.4,4.6
TPR,"Tapestry, Inc.",BBB,5.0,4.0,4.3,6.8
TPRE,Third Point Reinsurance Ltd.,B,1.6,3.5,2.9,6.3
TPX,Tempur Sealy International Inc,BB,3.1,5.6,3.2,5.5
TR,"Tootsie Roll Industries, Inc.",B,1.7,2.0,5.2,2.3
TREE,"LendingTree, Inc.",B,1.7,5.1,3.5,5.0
TREX,"Trex Company, Inc.",BBB,5.5,5.6,6.1,6.7
TRHC,"Tabula Rasa Healthcare, Inc.",B,1.8,6.7,3.5,5.1
TRIP,"TripAdvisor, Inc.",BBB,5.1,5.5,4.1,3.8
TRMB,Trimble Inc.,AA,8.3,3.9,5.7,6.7
TRMK,Trustmark Corporation,BBB,4.6,1.3,3.6,7.3
TRN,"Trinity Industries, Inc.",BB,4.1,2.8,4.8,5.8
TROW,T. Rowe Price Group,AA,8.2,9.7,5.2,7.0
TRST,TrustCo Bank Corp NY,BB,2.9,5.0,3.0,6.6
TRUP,"Trupanion, Inc.",B,2.8,3.4,3.0,6.6
TRV,"Travelers Companies, Inc.",A,7.1,2.6,5.0,7.5
TSCO,Tractor Supply Company,A,5.9,1.6,4.7,7.5
TSE,Trinseo SA,BBB,5.1,4.7,2.1,7.4
TSLA,Tesla Inc,A,6.5,9.3,1.5,4.8
TSN,"Tyson Foods, Inc. Class A",BB,3.1,2.3,4.0,5.6
TT,Trane Technologies plc,AA,8.1,6.3,6.2,6.5
TTC,Toro Company,A,6.2,4.4,5.9,5.7
TTEC,"TTEC Holdings, Inc.",BBB,5.6,8.0,3.8,6.2
TTEK,"Tetra Tech, Inc.",A,6.7,10.0,5.4,6.8
TTGT,"TechTarget, Inc.",B,1.6,6.7,2.6,5.0
TTMI,"TTM Technologies, Inc.",BBB,4.3,2.2,4.8,5.8
TTWO,"Take-Two Interactive Software, Inc.",BBB,5.2,6.7,4.6,6.2
TUP,Tupperware Brands Corporation,BBB,5.4,4.9,4.7,6.6
TVTY,"Tivity Health, Inc.",AA,7.4,5.9,6.5,3.7
TWI,"Titan International, Inc.",@NA,#N/A,#N/A,#N/A,#N/A
TWTR,"Twitter, Inc.",BB,3.3,5.5,1.2,5.9
TXN,Texas Instruments Incorporated,AA,8.4,6.3,7.7,5.9
TXRH,"Texas Roadhouse, Inc.",B,2.2,4.5,4.2,5.3
TXT,Textron Inc.,BB,4.1,3.2,2.9,5.5
TYL,"Tyler Technologies, Inc.",BB,3.2,4.0,3.8,4.4
UAA,"Under Armour, Inc. Class A",BBB,5.6,4.4,4.7,3.8
UAL,"United Airlines Holdings, Inc.",B,2.2,3.1,3.2,7.3
UBA,Urstadt Biddle Properties Inc. Class A,B,1.6,6.5,1.8,3.2
UBSI,"United Bankshares, Inc.",BB,3.3,1.4,3.8,6.6
UCBI,"United Community Banks, Inc.",BB,3.3,1.3,2.9,8.2
UCTT,"Ultra Clean Holdings, Inc.",BB,2.9,3.1,4.5,6.7
UDR,"UDR, Inc.",A,5.9,6.2,5.1,5.8
UE,Urban Edge Properties,CCC,0.0,3.3,0.8,4.9
UEIC,Universal Electronics Inc.,B,1.9,0.3,5.1,3.3
UFCS,"United Fire Group, Inc.",B,1.8,2.3,2.0,6.6
UFI,"Unifi, Inc.",BBB,5.6,3.0,5.3,5.5
UFPI,"UFP Industries, Inc.",B,2.7,4.2,2.9,7.2
UFS,Domtar Corporation,A,6.8,4.6,6.4,6.9
UGI,UGI Corporation,BBB,5.5,3.9,6.0,5.5
UHS,"Universal Health Services, Inc. Class B",CCC,1.4,6.5,3.2,3.4
UHT,Universal Health Realty Income Trust,B,1.9,2.7,3.5,6.7
UIHC,United Insurance Holdings Corp.,B,1.5,4.0,1.9,5.5
UIS,Unisys Corporation,B,2.6,4.1,2.9,5.3
ULTA,Ulta Beauty Inc,BB,3.3,0.9,3.1,6.4
UMBF,UMB Financial Corporation,BBB,4.6,1.5,4.1,6.7
UMPQ,Umpqua Holdings Corporation,BBB,5.4,1.7,4.0,7.6
UNF,UniFirst Corporation,A,6.3,7.4,6.9,5.9
UNFI,"United Natural Foods, Inc.",AA,8.1,3.5,6.2,5.6
UNH,UnitedHealth Group Incorporated,BB,4.0,10.0,4.0,3.6
UNIT,Uniti Group Inc.,BBB,4.5,6.2,5.4,4.9
UNM,Unum Group,B,2.8,6.2,3.1,6.6
UNP,Union Pacific Corporation,BBB,5.2,5.4,3.0,6.1
UNVR,Univar Solutions Inc.,B,2.3,2.3,4.6,6.0
UPS,"United Parcel Service, Inc. Class B",A,5.9,9.2,3.9,4.6
URBN,"Urban Outfitters, Inc.",BB,3.3,2.9,3.6,6.1
URI,"United Rentals, Inc.",BBB,5.5,3.1,6.3,6.3
USB,U.S. Bancorp,BB,2.9,5.2,3.9,5.2
USCR,"U.S. Concrete, Inc.",A,7.0,5.3,4.6,6.8
USNA,"USANA Health Sciences, Inc.",BB,3.6,3.8,4.4,5.3
USPH,"U.S. Physical Therapy, Inc.",A,6.3,5.9,5.0,3.8
UTHR,United Therapeutics Corporation,B,2.8,4.2,5.0,2.7
UVE,"Universal Insurance Holdings, Inc.",BB,2.9,4.5,2.2,5.5
UVV,Universal Corp,BBB,4.6,3.0,2.7,5.3
V,Visa Inc. Class A,A,6.2,9.3,4.5,5.0
VAC,Marriott Vacations Worldwide Corporation,BBB,5.4,1.9,8.6,5.4
VAR,"Varian Medical Systems, Inc.",BBB,5.2,10.0,4.8,5.3
VBTX,"Veritex Holdings, Inc.",B,2.1,1.9,3.6,5.8
VC,Visteon Corporation,BBB,5.2,4.2,3.7,7.1
VECO,Veeco Instruments Inc.,BB,2.9,6.5,3.3,5.7
VFC,V.F. Corporation,AA,7.9,6.4,4.9,6.5
VG,Vonage Holdings Corp.,B,1.8,6.3,3.9,4.1
VGR,Vector Group Ltd.,BBB,5.2,0.0,5.0,3.8
VIAC,ViacomCBS Inc. Class B,B,2.7,9.0,3.1,4.3
VIAV,Viavi Solutions Inc,BB,3.2,4.1,3.3,7.3
VICR,Vicor Corporation,BB,3.1,5.1,7.4,3.5
VIVO,"Meridian Bioscience, Inc.",BBB,5.2,6.0,5.0,5.0
VLO,Valero Energy Corporation,BBB,4.6,2.9,7.8,7.3
VLY,Valley National Bancorp,BBB,4.6,1.3,4.4,6.1
VMC,Vulcan Materials Company,BB,4.1,3.8,4.6,5.9
VMI,"Valmont Industries, Inc.",A,5.9,3.7,4.1,4.9
VNDA,Vanda Pharmaceuticals Inc.,BB,3.2,4.9,3.7,4.9
VNO,Vornado Realty Trust,BB,3.8,8.3,1.8,3.7
VNT,Vontier Corp,@NA,#N/A,#N/A,#N/A,#N/A
VRA,"Vera Bradley, Inc.",BB,4.1,2.5,5.1,4.7
VREX,Varex Imaging Corporation,A,5.8,10.0,6.3,3.6
VRSK,Verisk Analytics Inc,BBB,5.5,9.7,5.9,5.4
VRSN,"VeriSign, Inc.",BBB,5.6,7.6,4.0,5.6
VRTS,"Virtus Investment Partners, Inc.",BBB,5.6,6.7,3.8,7.6
VRTU,Virtusa Corporation,A,7.1,4.1,5.8,5.3
VRTV,Veritiv Corp,@NA,#N/A,#N/A,#N/A,#N/A
VRTX,Vertex Pharmaceuticals Incorporated,AA,7.2,5.3,5.4,5.3
VSAT,"ViaSat, Inc.",B,2.8,3.5,4.5,3.7
VSH,"Vishay Intertechnology, Inc.",BBB,4.3,4.5,5.7,2.6
VSTO,Vista Outdoor Inc,A,7.0,3.7,5.8,5.7
VTOL,Bristow Group Inc,@NA,#N/A,#N/A,#N/A,#N/A
VTR,"Ventas, Inc.",BBB,5.7,6.0,4.0,6.9
VTRS,"Viatris, Inc.",@NA,#N/A,#N/A,#N/A,#N/A
VVI,Viad Corp,A,6.7,6.9,6.3,6.4
VVV,"Valvoline, Inc.",BB,3.1,3.7,0.4,7.4
VZ,Verizon Communications Inc.,BB,4.2,10.0,4.4,5.2
WAB,Westinghouse Air Brake Technologies Corporation,BB,3.0,3.9,3.5,5.5
WABC,Westamerica Bancorporation,BB,2.9,0.1,4.0,6.0
WAFD,"Washington Federal, Inc.",BB,4.2,5.0,3.5,6.7
WAT,Waters Corporation,AA,7.3,10.0,6.0,5.8
WBA,Walgreens Boots Alliance Inc,BBB,4.8,8.4,3.3,6.5
WBS,Webster Financial Corporation,A,5.8,2.5,4.3,6.9
WD,"Walker & Dunlop, Inc.",B,1.7,5.8,3.0,5.7
WDC,Western Digital Corporation,B,1.6,3.6,3.7,5.8
WDFC,WD-40 Company,B,2.3,2.7,3.1,6.3
WDR,"Waddell & Reed Financial, Inc. Class A",B,2.6,6.7,3.0,6.2
WEC,WEC Energy Group Inc,A,7.0,6.1,4.9,7.1
WELL,"Welltower, Inc.",A,5.9,6.4,3.9,6.6
WEN,Wendy's Company,BBB,4.8,9.0,3.9,4.2
WERN,"Werner Enterprises, Inc.",BBB,5.5,4.6,4.8,5.3
WETF,"WisdomTree Investments, Inc.",BB,3.5,6.7,3.2,6.8
WEX,WEX Inc.,A,5.9,6.7,3.8,5.7
WFC,Wells Fargo & Company,CCC,0.8,7.7,3.0,4.2
WGO,"Winnebago Industries, Inc.",BB,4.2,5.1,2.5,7.0
WH,"Wyndham Hotels & Resorts, Inc.",BB,3.2,3.1,4.9,5.7
WHR,Whirlpool Corporation,BB,3.1,4.4,3.7,4.8
WING,"Wingstop, Inc.",BB,3.9,4.6,4.4,5.3
WIRE,Encore Wire Corporation,B,1.9,2.7,7.2,4.4
WLTW,Willis Towers Watson Public Limited Company,BBB,5.3,9.1,4.0,8.1
WM,"Waste Management, Inc.",BBB,4.3,5.0,5.2,5.9
WMB,"Williams Companies, Inc.",BB,4.2,3.7,5.6,6.3
WMT,Walmart Inc.,BBB,5.2,7.3,2.9,5.9
WNC,Wabash National Corporation,BBB,5.7,4.1,4.9,7.2
WOR,"Worthington Industries, Inc.",BB,3.1,2.8,3.7,3.7
WRB,W. R. Berkley Corporation,B,2.1,1.9,3.4,4.5
WRE,Washington Real Estate Investment Trust,BB,3.8,6.6,1.2,6.5
WRI,Weingarten Realty Investors,B,1.6,5.8,1.3,5.0
WRK,WestRock Company,BB,3.6,4.7,4.3,5.9
WRLD,World Acceptance Corporation,B,2.4,6.7,3.4,5.5
WSM,"Williams-Sonoma, Inc.",A,6.4,4.9,4.6,6.8
WSO,"Watsco, Inc.",BB,4.2,3.1,6.5,5.3
WSR,Whitestone REIT,B,2.4,5.3,2.7,4.6
WST,"West Pharmaceutical Services, Inc.",AA,7.9,10.0,6.6,5.4
WTFC,Wintrust Financial Corporation,BBB,5.0,1.6,4.0,7.3
WTRG,"Essential Utilities, Inc.",BBB,4.9,4.6,5.4,6.3
WTS,"Watts Water Technologies, Inc. Class A",A,7.1,4.6,6.3,6.3
WU,Western Union Company,A,7.1,7.0,4.7,7.1
WW,"WW International, Inc.",A,6.9,6.5,5.1,4.7
WWD,"Woodward, Inc.",A,7.1,5.4,6.8,5.7
WWE,"World Wrestling Entertainment, Inc. Class A",BB,4.1,6.7,4.1,4.8
WWW,"Wolverine World Wide, Inc.",A,6.8,3.8,5.6,5.9
WY,Weyerhaeuser Company,A,6.8,4.8,6.2,6.5
WYND,"Wyndham Destinations, Inc.",B,2.1,3.4,3.9,5.5
WYNN,"Wynn Resorts, Limited",CCC,0.6,3.1,3.4,3.4
X,United States Steel Corporation,CCC,0.3,1.5,2.7,5.4
XEC,Cimarex Energy Co.,BB,4.1,2.8,3.3,6.1
XEL,Xcel Energy Inc.,AA,8.1,6.6,6.5,6.7
XHR,"Xenia Hotels & Resorts, Inc.",BB,3.2,5.9,1.0,7.0
XLNX,"Xilinx, Inc.",BBB,5.5,4.4,5.0,7.6
XNCR,"Xencor, Inc.",B,2.8,7.1,3.8,4.0
XOM,Exxon Mobil Corporation,BBB,4.5,4.2,5.7,4.0
XPER,Xperi Holding Corporation,B,1.9,5.7,2.7,5.0
XPO,"XPO Logistics, Inc.",B,2.3,6.5,2.7,6.3
XRAY,"DENTSPLY SIRONA, Inc.",A,6.7,9.5,6.6,5.2
XRX,Xerox Holdings Corporation,A,6.8,5.1,5.4,5.9
XYL,Xylem Inc.,AAA,10.0,6.2,5.6,7.6
Y,Alleghany Corporation,B,2.3,2.5,4.0,5.1
YELP,Yelp Inc,BB,3.6,6.2,1.6,6.9
YETI,"YETI Holdings, Inc.",AA,7.8,0.0,6.7,6.0
YUM,"Yum! Brands, Inc.",BB,3.0,6.9,3.2,5.9
ZBH,"Zimmer Biomet Holdings, Inc.",CCC,1.2,10.0,4.3,2.9
ZBRA,Zebra Technologies Corporation Class A,A,6.1,2.5,6.1,5.2
ZEUS,"Olympic Steel, Inc.",@NA,#N/A,#N/A,#N/A,#N/A
ZION,"Zions Bancorporation, N.A.",A,6.2,0.3,4.4,7.8
ZTS,"Zoetis, Inc. Class A",A,6.4,4.6,4.1,5.7
ZUMZ,Zumiez Inc.,BBB,5.1,3.0,4.4,7.0
ZYXI,"Zynex, Inc.",@NA,#N/A,#N/A,#N/A,#N/A
