Symbol,Name,Stock Exchange,RBICS Economy,SIC Code
A,"Agilent Technologies, Inc.",NYSE,Healthcare,3826
AAL,"American Airlines Group, Inc.",NASDAQ,Industrials,4512
AAN,"PROG Holdings, Inc.",NYSE,Consumer Cyclicals,7359
AAOI,"Applied Optoelectronics, Inc.",NASDAQ,Technology,3357
AAON,"AAON, Inc.",NASDAQ,Industrials,3585
AAP,"Advance Auto Parts, Inc.",NYSE,Consumer Cyclicals,5531
AAPL,Apple Inc.,NASDAQ,Technology,3663
AAT,"American Assets Trust, Inc.",NYSE,Finance,6798
AAWW,"Atlas Air Worldwide Holdings, Inc.",NASDAQ,Industrials,4512
AAXN,Axon Enterprise Inc,NASDAQ,Industrials,3489
ABBV,"AbbVie, Inc.",NYSE,Healthcare,2834
ABC,AmerisourceBergen Corporation,NYSE,Healthcare,5122
ABCB,Ameris Bancorp,NASDAQ,Finance,6022
ABG,"Asbury Automotive Group, Inc.",NYSE,Consumer Cyclicals,5511
ABM,ABM Industries Incorporated,NYSE,Business Services,7349
ABMD,"ABIOMED, Inc.",NASDAQ,Healthcare,3841
ABT,Abbott Laboratories,NYSE,Healthcare,3841
ABTX,"Allegiance Bancshares, Inc.",NASDAQ,Finance,6022
ACA,Arcosa Inc,NYSE,Industrials,4939
ACC,"American Campus Communities, Inc.",NYSE,Finance,6798
ACHC,"Acadia Healthcare Company, Inc.",NASDAQ,Healthcare,8059
ACIW,"ACI Worldwide, Inc.",NASDAQ,Technology,7372
ACLS,"Axcelis Technologies, Inc.",NASDAQ,Technology,3559
ACM,AECOM,NYSE,Industrials,8711
ACN,Accenture Plc Class A,NYSE,Technology,7379
ADBE,Adobe Inc.,NASDAQ,Technology,7372
ADC,Agree Realty Corporation,NYSE,Finance,6512
ADI,"Analog Devices, Inc.",NASDAQ,Technology,3674
ADM,Archer-Daniels-Midland Company,NYSE,Consumer Non-Cyclicals,2075
ADNT,Adient plc,NYSE,Consumer Cyclicals,2399
ADP,"Automatic Data Processing, Inc.",NASDAQ,Business Services,7374
ADS,Alliance Data Systems Corporation,NYSE,Finance,7374
ADSK,"Autodesk, Inc.",NASDAQ,Technology,7372
ADTN,"ADTRAN, Inc.",NASDAQ,Technology,3661
ADUS,Addus HomeCare Corporation,NASDAQ,Healthcare,8082
AEE,Ameren Corporation,NYSE,Utilities,4911
AEGN,Aegion Corporation,NASDAQ,Industrials,1623
AEIS,"Advanced Energy Industries, Inc.",NASDAQ,Technology,3629
AEL,American Equity Investment Life Holding Company,NYSE,Finance,6311
AEO,"American Eagle Outfitters, Inc.",NYSE,Consumer Cyclicals,5651
AEP,"American Electric Power Company, Inc.",NASDAQ,Utilities,4911
AES,AES Corporation,NYSE,Utilities,4911
AFG,"American Financial Group, Inc.",NYSE,Finance,6331
AFL,Aflac Incorporated,NYSE,Finance,6311
AGCO,AGCO Corporation,NYSE,Industrials,3523
AGO,Assured Guaranty Ltd.,NYSE,Finance,6351
AGYS,"Agilysys, Inc.",NASDAQ,Consumer Services,7373
AHH,"Armada Hoffler Properties, Inc.",NYSE,Finance,6798
AIG,"American International Group, Inc.",NYSE,Finance,6399
AIN,Albany International Corp. Class A,NYSE,Industrials,2397
AIR,AAR CORP.,NYSE,Industrials,3724
AIT,"Applied Industrial Technologies, Inc.",NYSE,Industrials,5085
AIV,APARTMENT INVT & MGMT,NYSE,Finance,6798
AIZ,"Assurant, Inc.",NYSE,Finance,6399
AJG,Arthur J. Gallagher & Co.,NYSE,Finance,6411
AJRD,"Aerojet Rocketdyne Holdings, Inc.",NYSE,Industrials,3812
AKAM,"Akamai Technologies, Inc.",NASDAQ,Technology,7372
AKR,Acadia Realty Trust,NYSE,Finance,6798
ALB,Albemarle Corporation,NYSE,Non-Energy Materials,2819
ALE,"ALLETE, Inc.",NYSE,Utilities,4931
ALEX,"Alexander & Baldwin, Inc.",NYSE,Finance,6798
ALG,Alamo Group Inc.,NYSE,Industrials,3523
ALGN,"Align Technology, Inc.",NASDAQ,Healthcare,3843
ALGT,Allegiant Travel Company,NASDAQ,Industrials,4512
ALK,"Alaska Air Group, Inc.",NYSE,Industrials,4512
ALL,Allstate Corporation,NYSE,Finance,6331
ALLE,Allegion PLC,NYSE,Non-Energy Materials,7382
ALRM,"Alarm.com Holdings, Inc.",NASDAQ,Technology,7372
ALXN,"Alexion Pharmaceuticals, Inc.",NASDAQ,Healthcare,2834
AM,Antero Midstream Corp.,NYSE,Energy,4922
AMAT,"Applied Materials, Inc.",NASDAQ,Technology,3559
AMBC,"Ambac Financial Group, Inc.",NYSE,Finance,6351
AMCR,Amcor PLC,NYSE,Non-Energy Materials,2653
AMCX,AMC Networks Inc. Class A,NASDAQ,Consumer Services,4841
AMD,"Advanced Micro Devices, Inc.",NASDAQ,Technology,3674
AME,"AMETEK, Inc.",NYSE,Industrials,3823
AMED,"Amedisys, Inc.",NASDAQ,Healthcare,8082
AMG,"Affiliated Managers Group, Inc.",NYSE,Finance,6282
AMGN,Amgen Inc.,NASDAQ,Healthcare,2836
AMN,"AMN Healthcare Services, Inc.",NYSE,Healthcare,7361
AMP,"Ameriprise Financial, Inc.",NYSE,Finance,6282
AMPH,Amphastar Pharmaceuticals Inc,NASDAQ,Healthcare,2834
AMSF,"AMERISAFE, Inc.",NASDAQ,Finance,6331
AMT,American Tower Corporation,NYSE,Finance,6798
AMWD,American Woodmark Corporation,NASDAQ,Consumer Cyclicals,2434
AMZN,"Amazon.com, Inc.",NASDAQ,Consumer Non-Cyclicals,5961
AN,"AutoNation, Inc.",NYSE,Consumer Cyclicals,5511
ANDE,"Andersons, Inc.",NASDAQ,Consumer Non-Cyclicals,5153
ANET,"Arista Networks, Inc.",NYSE,Technology,7373
ANF,Abercrombie & Fitch Co. Class A,NYSE,Consumer Cyclicals,5651
ANGO,"AngioDynamics, Inc.",NASDAQ,Healthcare,3841
ANIK,"Anika Therapeutics, Inc.",NASDAQ,Healthcare,3841
ANIP,"ANI Pharmaceuticals, Inc.",NASDAQ,Healthcare,2834
ANSS,"ANSYS, Inc.",NASDAQ,Technology,7378
ANTM,"Anthem, Inc.",NYSE,Healthcare,6324
AON,Aon Plc Class A,NYSE,Finance,6411
AOS,A. O. Smith Corporation,NYSE,Industrials,3822
APA,Apache Corporation,NASDAQ,Energy,1311
APD,"Air Products and Chemicals, Inc.",NYSE,Non-Energy Materials,2813
APEI,"American Public Education, Inc.",NASDAQ,Consumer Non-Cyclicals,8221
APH,Amphenol Corporation Class A,NYSE,Technology,3678
APOG,"Apogee Enterprises, Inc.",NASDAQ,Non-Energy Materials,3231
APTV,Aptiv PLC,NYSE,Consumer Cyclicals,3714
ARCB,ArcBest Corporation,NASDAQ,Industrials,4213
ARE,"Alexandria Real Estate Equities, Inc.",NYSE,Finance,6798
ARI,"Apollo Commercial Real Estate Finance, Inc.",NYSE,Finance,6798
ARLO,"Arlo Technologies, Inc.",NYSE,Technology,3651
ARNC,Arconic Corp.,NYSE,Non-Energy Materials,3353
AROC,Archrock Inc.,NYSE,Energy,1389
ARR,"ARMOUR Residential REIT, Inc.",NYSE,Finance,6798
ARW,"Arrow Electronics, Inc.",NYSE,Technology,5065
ARWR,"Arrowhead Pharmaceuticals, Inc.",NASDAQ,Healthcare,8731
ASB,Associated Banc-Corp,NYSE,Finance,6021
ASGN,ASGN Inc,NYSE,Business Services,7361
ASH,"Ashland Global Holdings, Inc.",NYSE,Non-Energy Materials,2833
ASIX,"AdvanSix, Inc.",NYSE,Non-Energy Materials,2821
ASTE,"Astec Industries, Inc.",NASDAQ,Industrials,2951
ATGE,Adtalem Global Education Inc.,NYSE,Consumer Non-Cyclicals,8221
ATI,Allegheny Technologies Incorporated,NYSE,Non-Energy Materials,3356
ATNI,"ATN International, Inc.",NASDAQ,Telecommunications,4813
ATO,Atmos Energy Corporation,NYSE,Utilities,4924
ATR,"Aptargroup, Inc.",NYSE,Non-Energy Materials,3085
ATVI,"Activision Blizzard, Inc.",NASDAQ,Technology,7372
AVA,Avista Corporation,NYSE,Utilities,4931
AVAV,"AeroVironment, Inc.",NASDAQ,Industrials,3721
AVB,"AvalonBay Communities, Inc.",NYSE,Finance,6798
AVD,American Vanguard Corporation,NYSE,Non-Energy Materials,2879
AVGO,Broadcom Inc.,NASDAQ,Technology,3674
AVNS,"Avanos Medical, Inc.",NYSE,Healthcare,3841
AVNT,Avient Corporation,NYSE,Non-Energy Materials,2821
AVT,"Avnet, Inc.",NASDAQ,Technology,5065
AVY,Avery Dennison Corporation,NYSE,Non-Energy Materials,2672
AWK,"American Water Works Company, Inc.",NYSE,Utilities,4941
AWR,American States Water Company,NYSE,Utilities,4941
AX,"Axos Financial, Inc.",NYSE,Finance,6021
AXL,"American Axle & Manufacturing Holdings, Inc.",NYSE,Consumer Cyclicals,3714
AXP,American Express Company,NYSE,Finance,6153
AYI,"Acuity Brands, Inc.",NYSE,Industrials,3646
AZO,"AutoZone, Inc.",NYSE,Consumer Cyclicals,5531
AZZ,AZZ Inc.,NYSE,Industrials,3613
B,Barnes Group Inc.,NYSE,Industrials,3499
BA,Boeing Company,NYSE,Industrials,3721
BAC,Bank of America Corp,NYSE,Finance,6021
BANC,Banc of California Incorporated,NYSE,Finance,6021
BANF,BancFirst Corporation,NASDAQ,Finance,6022
BANR,Banner Corporation,NASDAQ,Finance,6021
BAX,Baxter International Inc.,NYSE,Healthcare,3841
BBBY,Bed Bath & Beyond Inc.,NASDAQ,Consumer Cyclicals,5719
BBY,"Best Buy Co., Inc.",NYSE,Consumer Cyclicals,5731
BC,Brunswick Corporation,NYSE,Consumer Cyclicals,3519
BCC,Boise Cascade Co.,NYSE,Industrials,5031
BCEI,Bonanza Creek Energy Inc,NYSE,Energy,1311
BCO,Brink's Company,NYSE,Business Services,7382
BCOR,"Blucora, Inc.",NASDAQ,Finance,7374
BCPC,Balchem Corporation,NASDAQ,Non-Energy Materials,2869
BDC,Belden Inc.,NYSE,Technology,4833
BDN,Brandywine Realty Trust,NYSE,Finance,6798
BDX,"Becton, Dickinson and Company",NYSE,Healthcare,3841
BEAT,"BioTelemetry, Inc.",NASDAQ,Healthcare,3845
BELFB,Bel Fuse Inc. Class B,NASDAQ,Technology,3677
BEN,"Franklin Resources, Inc.",NYSE,Finance,6282
BF.B,Brown-Forman Corporation Class B,NYSE,Consumer Non-Cyclicals,2085
BFS,"Saul Centers, Inc.",NYSE,Finance,6798
BGS,"B&G Foods, Inc.",NYSE,Consumer Non-Cyclicals,2033
BHE,"Benchmark Electronics, Inc.",NYSE,Technology,3571
BHF,"Brighthouse Financial, Inc.",NASDAQ,Finance,6311
BHLB,"Berkshire Hills Bancorp, Inc.",NYSE,Finance,6712
BIG,"Big Lots, Inc.",NYSE,Consumer Non-Cyclicals,5331
BIIB,Biogen Inc.,NASDAQ,Healthcare,2836
BIO,"Bio-Rad Laboratories, Inc. Class A",NYSE,Healthcare,3826
BJ,"BJ's Wholesale Club Holdings, Inc.",NYSE,Consumer Non-Cyclicals,5399
BJRI,"BJ's Restaurants, Inc.",NASDAQ,Consumer Services,5812
BK,Bank of New York Mellon Corporation,NYSE,Finance,6282
BKE,"Buckle, Inc.",NYSE,Consumer Cyclicals,5651
BKH,Black Hills Corporation,NYSE,Utilities,4924
BKNG,Booking Holdings Inc.,NASDAQ,Consumer Services,4724
BKR,Baker Hughes Company Class A,NYSE,Energy,1389
BKU,"BankUnited, Inc.",NYSE,Finance,6021
BLD,TopBuild Corp.,NYSE,Industrials,1731
BLDR,"Builders FirstSource, Inc.",NASDAQ,Industrials,2421
BLK,"BlackRock, Inc.",NYSE,Finance,6282
BLKB,"Blackbaud, Inc.",NASDAQ,Business Services,7372
BLL,Ball Corporation,NYSE,Non-Energy Materials,3411
BLMN,"Bloomin' Brands, Inc.",NASDAQ,Consumer Services,5812
BMI,"Badger Meter, Inc.",NYSE,Industrials,3824
BMY,Bristol-Myers Squibb Company,NYSE,Healthcare,2834
BNED,"Barnes & Noble Education, Inc.",NYSE,Consumer Cyclicals,5942
BOH,Bank of Hawaii Corporation,NYSE,Finance,6022
BOOM,DMC Global Inc.,NASDAQ,Energy,1389
BOOT,"Boot Barn Holdings, Inc.",NYSE,Consumer Cyclicals,5661
BPFH,"Boston Private Financial Holdings, Inc.",NASDAQ,Finance,6022
BR,"Broadridge Financial Solutions, Inc.",NYSE,Business Services,7389
BRC,Brady Corporation Class A,NYSE,Business Services,3999
BRK.B,Berkshire Hathaway Inc. Class B,NYSE,Finance,6399
BRKL,"Brookline Bancorp, Inc.",NASDAQ,Finance,6035
BRKS,"Brooks Automation, Inc.",NASDAQ,Technology,3559
BRO,"Brown & Brown, Inc.",NYSE,Finance,6411
BRX,"Brixmor Property Group, Inc.",NYSE,Finance,6798
BSIG,"BrightSphere Investment Group, Inc.",NYSE,Finance,6282
BSX,Boston Scientific Corporation,NYSE,Healthcare,3841
BWA,BorgWarner Inc.,NYSE,Consumer Cyclicals,3714
BXP,"Boston Properties, Inc.",NYSE,Finance,6798
BXS,BancorpSouth Bank,NYSE,Finance,6022
BYD,Boyd Gaming Corporation,NYSE,Consumer Services,7011
C,Citigroup Inc.,NYSE,Finance,6021
CABO,"Cable One, Inc.",NYSE,Telecommunications,4841
CACI,CACI International Inc Class A,NYSE,Business Services,7371
CADE,Cadence Bancorporation Class A,NYSE,Finance,6029
CAG,"Conagra Brands, Inc.",NYSE,Consumer Non-Cyclicals,2096
CAH,"Cardinal Health, Inc.",NYSE,Healthcare,5122
CAKE,Cheesecake Factory Incorporated,NASDAQ,Consumer Services,5812
CAL,"Caleres, Inc.",NYSE,Consumer Cyclicals,5661
CALM,"Cal-Maine Foods, Inc.",NASDAQ,Consumer Non-Cyclicals,252
CAMP,CalAmp Corp.,NASDAQ,Technology,3663
CAR,"Avis Budget Group, Inc.",NASDAQ,Consumer Cyclicals,7514
CARR,Carrier Global Corp.,NYSE,Industrials,3585
CASH,"Meta Financial Group, Inc.",NASDAQ,Finance,6035
CASY,"Casey's General Stores, Inc.",NASDAQ,Consumer Cyclicals,5541
CAT,Caterpillar Inc.,NYSE,Industrials,3531
CATM,Cardtronics plc Class A,NASDAQ,Finance,7389
CATO,Cato Corporation Class A,NYSE,Consumer Cyclicals,5621
CATY,Cathay General Bancorp,NASDAQ,Finance,6022
CB,Chubb Limited,NYSE,Finance,6331
CBB,Cincinnati Bell Inc.,NYSE,Telecommunications,4813
CBOE,Cboe Global Markets Inc,CBOE BZX,Finance,6231
CBRE,"CBRE Group, Inc. Class A",NYSE,Finance,6531
CBRL,"Cracker Barrel Old Country Store, Inc.",NASDAQ,Consumer Services,5812
CBSH,"Commerce Bancshares, Inc.",NASDAQ,Finance,6022
CBT,Cabot Corporation,NYSE,Non-Energy Materials,2869
CBU,"Community Bank System, Inc.",NYSE,Finance,6029
CC,Chemours Co.,NYSE,Non-Energy Materials,2819
CCI,Crown Castle International Corp,NYSE,Finance,6798
CCL.U,Carnival Corporation,NYSE,Consumer Services,4481
CCMP,"CMC Materials, Inc.",NASDAQ,Non-Energy Materials,3674
CCOI,Cogent Communications Holdings Inc,NASDAQ,Telecommunications,4899
CCRN,"Cross Country Healthcare, Inc.",NASDAQ,Healthcare,7361
CCS,"Century Communities, Inc.",NYSE,Consumer Cyclicals,1531
CDAY,"Ceridian HCM Holding, Inc.",NYSE,Technology,7372
CDK,CDK Global Inc,NASDAQ,Consumer Cyclicals,7372
CDNS,"Cadence Design Systems, Inc.",NASDAQ,Technology,7372
CDW,CDW Corp.,NASDAQ,Technology,7373
CE,Celanese Corporation,NYSE,Non-Energy Materials,2821
CEIX,CONSOL Energy Inc,NYSE,Energy,1221
CENT,Central Garden & Pet Company,NASDAQ,Consumer Cyclicals,5999
CENX,Century Aluminum Company,NASDAQ,Non-Energy Materials,3334
CERN,Cerner Corporation,NASDAQ,Healthcare,7374
CEVA,"CEVA, Inc.",NASDAQ,Technology,3674
CF,"CF Industries Holdings, Inc.",NYSE,Non-Energy Materials,2873
CFFN,"Capitol Federal Financial, Inc.",NASDAQ,Finance,6035
CFG,"Citizens Financial Group, Inc.",NYSE,Finance,6021
CFR,"Cullen/Frost Bankers, Inc.",NYSE,Finance,6022
CFX,Colfax Corporation,NYSE,Industrials,3548
CGNX,Cognex Corporation,NASDAQ,Industrials,3823
CHCO,City Holding Company,NASDAQ,Finance,6021
CHCT,"Community Healthcare Trust, Inc.",NYSE,Finance,6798
CHD,"Church & Dwight Co., Inc.",NYSE,Consumer Non-Cyclicals,2841
CHDN,Churchill Downs Incorporated,NASDAQ,Consumer Services,7011
CHE,Chemed Corporation,NYSE,Healthcare,8051
CHEF,"Chefs' Warehouse, Inc.",NASDAQ,Consumer Non-Cyclicals,5141
CHH,"Choice Hotels International, Inc.",NYSE,Consumer Services,7011
CHRS,"Coherus BioSciences, Inc.",NASDAQ,Healthcare,2834
CHRW,"C.H. Robinson Worldwide, Inc.",NASDAQ,Industrials,4731
CHS,"Chico's FAS, Inc.",NYSE,Consumer Cyclicals,5621
CHTR,"Charter Communications, Inc. Class A",NASDAQ,Telecommunications,4841
CHUY,"Chuy's Holdings, Inc.",NASDAQ,Consumer Services,5812
CHX,ChampionX Corporation,NYSE,Energy,3533
CI,Cigna Corporation,NYSE,Consumer Non-Cyclicals,6324
CIEN,Ciena Corporation,NYSE,Technology,3577
CINF,Cincinnati Financial Corporation,NASDAQ,Finance,6331
CIR,"CIRCOR International, Inc.",NYSE,Industrials,3491
CIT,CIT Group Inc.,NYSE,Finance,6021
CKH,SEACOR Holdings Inc.,NYSE,Industrials,4491
CL,Colgate-Palmolive Company,NYSE,Consumer Non-Cyclicals,2844
CLB,Core Laboratories NV,NYSE,Energy,1389
CLDT,Chatham Lodging Trust,NYSE,Finance,6798
CLF,Cleveland-Cliffs Inc,NYSE,Non-Energy Materials,1011
CLGX,"CoreLogic, Inc.",NYSE,Business Services,7374
CLH,"Clean Harbors, Inc.",NYSE,Business Services,4953
CLI,Mack-Cali Realty Corporation,NYSE,Finance,6798
CLW,Clearwater Paper Corporation,NYSE,Consumer Non-Cyclicals,2621
CLX,Clorox Company,NYSE,Consumer Non-Cyclicals,5499
CMA,Comerica Incorporated,NYSE,Finance,6022
CMC,Commercial Metals Company,NYSE,Non-Energy Materials,3312
CMCSA,Comcast Corporation Class A,NASDAQ,Telecommunications,4841
CMD,Cantel Medical Corp.,NYSE,Healthcare,3841
CME,CME Group Inc. Class A,NASDAQ,Finance,6231
CMG,"Chipotle Mexican Grill, Inc.",NYSE,Consumer Services,5812
CMI,Cummins Inc.,NYSE,Industrials,3519
CMO,Capstead Mortgage Corporation,NYSE,Finance,6798
CMP,"Compass Minerals International, Inc.",NYSE,Non-Energy Materials,1479
CMS,CMS Energy Corporation,NYSE,Utilities,4931
CMTL,Comtech Telecommunications Corp.,NASDAQ,Technology,3663
CNC,Centene Corporation,NYSE,Healthcare,6324
CNK,"Cinemark Holdings, Inc.",NYSE,Consumer Services,7832
CNMD,CONMED Corporation,NYSE,Healthcare,3841
CNO,"CNO Financial Group, Inc.",NYSE,Finance,6399
CNP,"CenterPoint Energy, Inc.",NYSE,Utilities,4924
CNSL,"Consolidated Communications Holdings, Inc.",NASDAQ,Telecommunications,7375
CNX,CNX Resources Corporation,NYSE,Energy,1321
CNXN,"PC Connection, Inc.",NASDAQ,Technology,7371
COF,Capital One Financial Corporation,NYSE,Finance,6021
COG,Cabot Oil & Gas Corporation,NYSE,Energy,1311
COHR,"Coherent, Inc.",NASDAQ,Industrials,3845
COHU,"Cohu, Inc.",NASDAQ,Technology,3825
COKE,"Coca-Cola Consolidated, Inc.",NASDAQ,Consumer Non-Cyclicals,2086
COLB,"Columbia Banking System, Inc.",NASDAQ,Finance,6022
COLM,Columbia Sportswear Company,NASDAQ,Consumer Cyclicals,3949
CONE,"CyrusOne, Inc.",NASDAQ,Finance,6512
CONN,"Conn's, Inc.",NASDAQ,Consumer Cyclicals,5731
COO,"Cooper Companies, Inc.",NYSE,Healthcare,3851
COOP,"Mr. Cooper Group, Inc.",NASDAQ,Finance,6163
COP,ConocoPhillips,NYSE,Energy,1311
COR,CoreSite Realty Corporation,NYSE,Finance,6798
CORE,"Core-Mark Holding Company, Inc.",NASDAQ,Consumer Non-Cyclicals,5141
CORT,Corcept Therapeutics Incorporated.,NASDAQ,Healthcare,2834
COST,Costco Wholesale Corporation,NASDAQ,Consumer Non-Cyclicals,5331
COTY,Coty Inc. Class A,NYSE,Consumer Non-Cyclicals,2844
CPB,Campbell Soup Company,NYSE,Consumer Non-Cyclicals,2099
CPE,Callon Petroleum Company,NYSE,Energy,1311
CPF,Central Pacific Financial Corp.,NYSE,Finance,6022
CPK,Chesapeake Utilities Corporation,NYSE,Utilities,4923
CPRI,Capri Holdings Limited,NYSE,Consumer Cyclicals,5632
CPRT,"Copart, Inc.",NASDAQ,Consumer Cyclicals,5521
CPS,Cooper-Standard Holdings Inc.,NYSE,Consumer Cyclicals,3714
CPSI,"Computer Programs and Systems, Inc.",NASDAQ,Healthcare,7373
CPT,Camden Property Trust,NYSE,Finance,6798
CR,Crane Co.,NYSE,Industrials,3581
CREE,"Cree, Inc.",NASDAQ,Technology,3674
CRI,"Carter's, Inc.",NYSE,Consumer Cyclicals,5641
CRL,"Charles River Laboratories International, Inc.",NYSE,Healthcare,8731
CRM,"salesforce.com, inc.",NYSE,Technology,7372
CRMT,"America's Car-Mart, Inc.",NASDAQ,Consumer Cyclicals,5521
CROX,"Crocs, Inc.",NASDAQ,Consumer Cyclicals,3021
CRS,Carpenter Technology Corporation,NYSE,Non-Energy Materials,3312
CRUS,"Cirrus Logic, Inc.",NASDAQ,Technology,3674
CRVL,CorVel Corporation,NASDAQ,Healthcare,6411
CRY,"CryoLife, Inc.",NYSE,Healthcare,3841
CSCO,"Cisco Systems, Inc.",NASDAQ,Technology,7373
CSGS,"CSG Systems International, Inc.",NASDAQ,Telecommunications,7372
CSII,"Cardiovascular Systems, Inc.",NASDAQ,Healthcare,3841
CSL,Carlisle Companies Incorporated,NYSE,Non-Energy Materials,3069
CSX,CSX Corporation,NASDAQ,Industrials,4011
CTAS,Cintas Corporation,NASDAQ,Business Services,7213
CTB,Cooper Tire & Rubber Company,NYSE,Consumer Cyclicals,3011
CTLT,Catalent Inc,NYSE,Healthcare,2834
CTRE,CareTrust REIT Inc,NASDAQ,Finance,6798
CTS,CTS Corporation,NYSE,Consumer Cyclicals,3679
CTSH,Cognizant Technology Solutions Corporation Class A,NASDAQ,Technology,7371
CTVA,Corteva Inc,NYSE,Non-Energy Materials,723
CTXS,"Citrix Systems, Inc.",NASDAQ,Technology,7372
CUB,Cubic Corporation,NYSE,Industrials,3829
CUBI,"Customers Bancorp, Inc.",NYSE,Finance,6022
CUTR,"Cutera, Inc.",NASDAQ,Healthcare,3845
CUZ,Cousins Properties Incorporated,NYSE,Finance,6798
CVBF,CVB Financial Corp.,NASDAQ,Finance,6029
CVCO,"Cavco Industries, Inc.",NASDAQ,Consumer Cyclicals,2451
CVET,"Covetrus, Inc.",NASDAQ,Healthcare,742
CVGW,"Calavo Growers, Inc.",NASDAQ,Consumer Non-Cyclicals,5148
CVLT,"CommVault Systems, Inc.",NASDAQ,Technology,7372
CVS,CVS Health Corporation,NYSE,Healthcare,5912
CVX,Chevron Corporation,NYSE,Energy,2911
CW,Curtiss-Wright Corporation,NYSE,Industrials,3724
CWT,California Water Service Group,NYSE,Utilities,4941
CXO,Concho Resources Inc.,NYSE,Energy,1311
CXW,"CoreCivic, Inc.",NYSE,Finance,8744
CYH,"Community Health Systems, Inc.",NYSE,Healthcare,8062
CYTK,"Cytokinetics, Incorporated",NASDAQ,Healthcare,2834
CZR,Caesars Entertainment Inc,NASDAQ,Consumer Services,7011
D,Dominion Energy Inc,NYSE,Utilities,4911
DAKT,"Daktronics, Inc.",NASDAQ,Technology,3669
DAL,"Delta Air Lines, Inc.",NYSE,Industrials,4512
DAN,Dana Incorporated,NYSE,Consumer Cyclicals,3714
DAR,Darling Ingredients Inc.,NYSE,Consumer Non-Cyclicals,2077
DBD,Diebold Nixdorf Incorporated,NYSE,Technology,3578
DBI,Designer Brands Inc. Class A,NYSE,Consumer Cyclicals,5661
DCI,"Donaldson Company, Inc.",NYSE,Industrials,3564
DCOM,"Dime Community Bancshares, Inc.",NASDAQ,Finance,6035
DD,"DuPont de Nemours, Inc.",NYSE,Non-Energy Materials,2836
DDD,3D Systems Corporation,NYSE,Industrials,2759
DE,Deere & Company,NYSE,Industrials,3523
DEA,"Easterly Government Properties, Inc.",NYSE,Finance,6798
DECK,Deckers Outdoor Corporation,NYSE,Consumer Cyclicals,5139
DEI,"Douglas Emmett, Inc",NYSE,Finance,6798
DFIN,"Donnelley Financial Solutions, Inc.",NYSE,Technology,7389
DFS,Discover Financial Services,NYSE,Finance,6141
DG,Dollar General Corporation,NYSE,Consumer Non-Cyclicals,5331
DGII,Digi International Inc.,NASDAQ,Technology,3661
DGX,Quest Diagnostics Incorporated,NYSE,Healthcare,8071
DHC,Diversified Healthcare Trust,NASDAQ,Finance,8361
DHI,"D.R. Horton, Inc.",NYSE,Consumer Cyclicals,1531
DHR,Danaher Corporation,NYSE,Healthcare,3826
DIN,"Dine Brands Global, Inc.",NYSE,Consumer Services,5812
DIOD,Diodes Incorporated,NASDAQ,Technology,3674
DIS,Walt Disney Company,NYSE,Consumer Services,4841
DISCA,"Discovery, Inc. Class A",NASDAQ,Consumer Services,4841
DISH,DISH Network Corporation Class A,NASDAQ,Telecommunications,4841
DKS,"Dick's Sporting Goods, Inc.",NYSE,Consumer Cyclicals,5941
DLR,"Digital Realty Trust, Inc.",NYSE,Finance,6798
DLTR,"Dollar Tree, Inc.",NASDAQ,Consumer Non-Cyclicals,5331
DLX,Deluxe Corporation,NYSE,Business Services,2782
DNKN,"Dunkin' Brands Group, Inc.",NASDAQ,Consumer Services,5812
DNOW,NOW Inc.,NYSE,Industrials,5084
DOC,Physicians Realty Trust,NYSE,Finance,6798
DORM,"Dorman Products, Inc.",NASDAQ,Consumer Cyclicals,5013
DOV,Dover Corporation,NYSE,Industrials,5084
DOW,"Dow, Inc.",NYSE,Non-Energy Materials,2821
DPZ,"Domino's Pizza, Inc.",NYSE,Consumer Services,5812
DRE,Duke Realty Corporation,NYSE,Finance,6512
DRH,DiamondRock Hospitality Company,NYSE,Finance,6798
DRI,"Darden Restaurants, Inc.",NYSE,Consumer Services,5812
DRQ,"Dril-Quip, Inc.",NYSE,Energy,3533
DSPG,"DSP Group, Inc.",NASDAQ,Technology,3674
DTE,DTE Energy Company,NYSE,Utilities,4911
DUK,Duke Energy Corporation,NYSE,Utilities,4931
DVA,DaVita Inc.,NYSE,Healthcare,8092
DVN,Devon Energy Corporation,NYSE,Energy,1311
DXC,DXC Technology Co.,NYSE,Technology,7374
DXCM,"DexCom, Inc.",NASDAQ,Healthcare,3841
DXPE,"DXP Enterprises, Inc.",NASDAQ,Industrials,5084
DY,"Dycom Industries, Inc.",NYSE,Industrials,1623
EA,Electronic Arts Inc.,NASDAQ,Technology,7372
EAT,"Brinker International, Inc.",NYSE,Consumer Services,5812
EBAY,eBay Inc.,NASDAQ,Consumer Non-Cyclicals,5961
EBIX,"Ebix, Inc.",NASDAQ,Finance,7371
EBS,Emergent BioSolutions Inc.,NYSE,Healthcare,8731
ECHO,"Echo Global Logistics, Inc",NASDAQ,Industrials,4731
ECL,Ecolab Inc.,NYSE,Non-Energy Materials,2819
ECOL,"US Ecology, Inc.",NASDAQ,Business Services,4953
ECPG,"Encore Capital Group, Inc.",NASDAQ,Finance,6153
ED,"Consolidated Edison, Inc.",NYSE,Utilities,4931
EFX,Equifax Inc.,NYSE,Business Services,7323
EGBN,"Eagle Bancorp, Inc.",NASDAQ,Finance,6022
EGHT,"8x8, Inc.",NYSE,Technology,7372
EGOV,NIC Inc.,NASDAQ,Business Services,7389
EGP,"EastGroup Properties, Inc.",NYSE,Finance,6798
EGRX,"Eagle Pharmaceuticals, Inc.",NASDAQ,Healthcare,2834
EHC,Encompass Health Corporation,NYSE,Healthcare,8062
EHTH,"eHealth, Inc.",NASDAQ,Finance,6321
EIG,"Employers Holdings, Inc.",NYSE,Finance,6331
EIX,Edison International,NYSE,Utilities,4911
EL,Estee Lauder Companies Inc. Class A,NYSE,Consumer Non-Cyclicals,2844
ELY,Callaway Golf Company,NYSE,Consumer Cyclicals,3949
EME,"EMCOR Group, Inc.",NYSE,Industrials,1731
EMN,Eastman Chemical Company,NYSE,Non-Energy Materials,2821
EMR,Emerson Electric Co.,NYSE,Industrials,3823
ENDP,Endo International Plc,NASDAQ,Healthcare,2834
ENPH,"Enphase Energy, Inc.",NASDAQ,Industrials,3674
ENR,Energizer Holdings Inc,NYSE,Consumer Non-Cyclicals,3691
ENS,EnerSys,NYSE,Industrials,3691
ENSG,"Ensign Group, Inc.",NASDAQ,Healthcare,8051
ENTA,"Enanta Pharmaceuticals, Inc.",NASDAQ,Healthcare,2834
ENVA,Enova International Inc,NYSE,Finance,6141
EOG,"EOG Resources, Inc.",NYSE,Energy,1311
EPAC,Enerpac Tool Group Corp Class A,NYSE,Industrials,3593
EPAY,"Bottomline Technologies (de), Inc.",NASDAQ,Technology,7372
EPC,Edgewell Personal Care Co.,NYSE,Consumer Non-Cyclicals,2844
EPR,EPR Properties,NYSE,Finance,6798
EPRT,"Essential Properties Realty Trust, Inc.",NYSE,Finance,6798
EQIX,"Equinix, Inc.",NASDAQ,Finance,7374
EQR,Equity Residential,NYSE,Finance,6798
EQT,EQT Corporation,NYSE,Energy,1311
ES,Eversource Energy,NYSE,Utilities,4911
ESE,ESCO Technologies Inc.,NYSE,Industrials,3823
ESNT,Essent Group Ltd.,NYSE,Finance,6351
ESS,"Essex Property Trust, Inc.",NYSE,Finance,6798
ETH,Ethan Allen Interiors Inc.,NYSE,Consumer Cyclicals,5712
ETN,Eaton Corp. Plc,NYSE,Industrials,5063
ETR,Entergy Corporation,NYSE,Utilities,4911
ETRN,Equitrans Midstream Corp.,NYSE,Energy,1321
ETSY,"Etsy, Inc.",NASDAQ,Consumer Non-Cyclicals,5961
EV,Eaton Vance Corp.,NYSE,Finance,6282
EVR,Evercore Inc Class A,NYSE,Finance,6282
EVRG,"Evergy, Inc.",NYSE,Utilities,4911
EVTC,"EVERTEC, Inc.",NYSE,Finance,7374
EW,Edwards Lifesciences Corporation,NYSE,Healthcare,3842
EWBC,"East West Bancorp, Inc.",NASDAQ,Finance,6021
EXC,Exelon Corporation,NASDAQ,Utilities,4931
EXEL,"Exelixis, Inc.",NASDAQ,Healthcare,8731
EXLS,"ExlService Holdings, Inc.",NASDAQ,Business Services,8748
EXP,Eagle Materials Inc.,NYSE,Non-Energy Materials,3241
EXPD,"Expeditors International of Washington, Inc.",NASDAQ,Industrials,4731
EXPE,"Expedia Group, Inc.",NASDAQ,Consumer Services,4724
EXPO,"Exponent, Inc.",NASDAQ,Business Services,8748
EXR,Extra Space Storage Inc.,NYSE,Finance,6798
EXTN,Exterran Corp.,NYSE,Energy,3533
EXTR,"Extreme Networks, Inc.",NASDAQ,Technology,3577
EZPW,"EZCORP, Inc. Class A",NASDAQ,Finance,5932
F,Ford Motor Company,NYSE,Consumer Cyclicals,3711
FAF,First American Financial Corporation,NYSE,Finance,6361
FANG,"Diamondback Energy, Inc.",NASDAQ,Energy,1311
FARO,"FARO Technologies, Inc.",NASDAQ,Industrials,3823
FAST,Fastenal Company,NASDAQ,Industrials,5072
FB,"Facebook, Inc. Class A",NASDAQ,Technology,2741
FBC,"Flagstar Bancorp, Inc.",NYSE,Finance,6035
FBHS,"Fortune Brands Home & Security, Inc.",NYSE,Consumer Non-Cyclicals,2434
FBK,FB Financial Corporation,NYSE,Finance,6021
FBM,"Foundation Building Materials, Inc.",NYSE,Industrials,5039
FBNC,First Bancorp,NASDAQ,Finance,6022
FBP,First Bancorp,NYSE,Finance,6022
FCF,First Commonwealth Financial Corporation,NYSE,Finance,6022
FCFS,"FirstCash, Inc.",NASDAQ,Finance,5932
FCN,"FTI Consulting, Inc.",NYSE,Business Services,8742
FCPT,"Four Corners Property Trust, Inc.",NYSE,Finance,6798
FCX,"Freeport-McMoRan, Inc.",NYSE,Non-Energy Materials,3331
FDP,Fresh Del Monte Produce Inc.,NYSE,Consumer Non-Cyclicals,5148
FDS,FactSet Research Systems Inc.,NYSE,Technology,7374
FDX,FedEx Corporation,NYSE,Industrials,4513
FE,FirstEnergy Corp.,NYSE,Utilities,4911
FELE,"Franklin Electric Co., Inc.",NASDAQ,Industrials,3621
FF,FutureFuel Corp.,NYSE,Non-Energy Materials,2869
FFBC,First Financial Bancorp.,NASDAQ,Finance,6021
FFIN,First Financial Bankshares Inc,NASDAQ,Finance,6021
FFIV,"F5 Networks, Inc.",NASDAQ,Technology,7372
FHB,"First Hawaiian, Inc.",NASDAQ,Finance,6022
FHI,"Federated Hermes, Inc. Class B",NYSE,Finance,6282
FHN,First Horizon Corporation,NYSE,Finance,6021
FICO,Fair Isaac Corporation,NYSE,Finance,7372
FIS,"Fidelity National Information Services, Inc.",NYSE,Finance,7371
FISV,"Fiserv, Inc.",NASDAQ,Finance,7374
FITB,Fifth Third Bancorp,NASDAQ,Finance,6022
FIVE,"Five Below, Inc.",NASDAQ,Consumer Non-Cyclicals,5331
FIX,"Comfort Systems USA, Inc.",NYSE,Industrials,1711
FIZZ,National Beverage Corp.,NASDAQ,Consumer Non-Cyclicals,2086
FL,"Foot Locker, Inc.",NYSE,Consumer Cyclicals,5661
FLGT,"Fulgent Genetics, Inc.",NASDAQ,Healthcare,8071
FLIR,"FLIR Systems, Inc.",NASDAQ,Industrials,3812
FLO,"Flowers Foods, Inc.",NYSE,Consumer Non-Cyclicals,2051
FLOW,"SPX Flow, Inc.",NYSE,Industrials,3556
FLR,Fluor Corporation,NYSE,Industrials,1389
FLS,Flowserve Corporation,NYSE,Industrials,3594
FLT,"FLEETCOR Technologies, Inc.",NYSE,Finance,7389
FMBI,"First Midwest Bancorp, Inc.",NASDAQ,Finance,6021
FMC,FMC Corporation,NYSE,Non-Energy Materials,2879
FN,Fabrinet,NYSE,Technology,3674
FNB,F.N.B. Corporation,NYSE,Finance,6021
FOE,Ferro Corporation,NYSE,Non-Energy Materials,2816
FORM,"FormFactor, Inc.",NASDAQ,Technology,3674
FORR,"Forrester Research, Inc.",NASDAQ,Business Services,8732
FOSL,"Fossil Group, Inc.",NASDAQ,Consumer Cyclicals,5944
FOXA,Fox Corporation Class A,NASDAQ,Consumer Services,4833
FOXF,Fox Factory Holding Corp.,NASDAQ,Consumer Cyclicals,3714
FR,"First Industrial Realty Trust, Inc.",NYSE,Finance,6798
FRC,First Republic Bank,NYSE,Finance,6029
FRGI,"Fiesta Restaurant Group, Inc.",NASDAQ,Consumer Services,5812
FRT,Federal Realty Investment Trust,NYSE,Finance,6798
FSLR,"First Solar, Inc.",NASDAQ,Industrials,3674
FSP,Franklin Street Properties Corp.,NYSE AMERICAN,Finance,6798
FSS,Federal Signal Corporation,NYSE,Industrials,3537
FTI,TechnipFMC Plc,NYSE,Energy,1389
FTNT,"Fortinet, Inc.",NASDAQ,Technology,7371
FTV,Fortive Corp.,NYSE,Industrials,3823
FUL,H.B. Fuller Company,NYSE,Non-Energy Materials,2891
FULT,Fulton Financial Corporation,NASDAQ,Finance,6021
FWRD,Forward Air Corporation,NASDAQ,Industrials,4731
GATX,GATX Corporation,NYSE,Finance,4741
GBCI,"Glacier Bancorp, Inc.",NASDAQ,Finance,6022
GBX,"Greenbrier Companies, Inc.",NYSE,Industrials,3743
GCI,"Gannett Co., Inc.",NYSE,Consumer Services,7313
GCO,Genesco Inc.,NYSE,Consumer Cyclicals,5661
GCP,"GCP Applied Technologies, Inc.",NYSE,Non-Energy Materials,2899
GD,General Dynamics Corporation,NYSE,Industrials,3721
GDOT,Green Dot Corporation Class A,NYSE,Finance,6022
GE,General Electric Company,NYSE,Industrials,3724
GEF,Greif Class A,NYSE,Non-Energy Materials,3412
GEO,GEO Group Inc,NYSE,Finance,8744
GEOS,Geospace Technologies Corporation,NASDAQ,Energy,3829
GES,"Guess?, Inc.",NYSE,Consumer Cyclicals,5651
GFF,Griffon Corporation,NYSE,Consumer Cyclicals,3423
GGG,Graco Inc.,NYSE,Industrials,3561
GHC,Graham Holdings Co.,NYSE,Consumer Non-Cyclicals,8221
GHL,"Greenhill & Co., Inc.",NYSE,Finance,6282
GIII,"G-III Apparel Group, Ltd.",NASDAQ,Consumer Cyclicals,2335
GILD,"Gilead Sciences, Inc.",NASDAQ,Healthcare,2834
GIS,"General Mills, Inc.",NYSE,Consumer Non-Cyclicals,2099
GKOS,Glaukos Corp,NYSE,Healthcare,3841
GL,Globe Life Inc.,NYSE,Finance,6311
GLT,Glatfelter Corporation,NYSE,Non-Energy Materials,2621
GLUU,Glu Mobile Inc.,NASDAQ,Technology,7372
GLW,Corning Inc,NYSE,Non-Energy Materials,3229
GM,General Motors Company,NYSE,Consumer Cyclicals,3711
GME,GameStop Corp. Class A,NYSE,Consumer Cyclicals,5734
GMED,Globus Medical Inc Class A,NYSE,Healthcare,3841
GMS,GMS Inc.,NYSE,Industrials,5211
GNL,Global Net Lease Inc,NYSE,Finance,6798
GNRC,Generac Holdings Inc.,NYSE,Industrials,3621
GNTX,Gentex Corporation,NASDAQ,Consumer Cyclicals,3714
GNW,"Genworth Financial, Inc. Class A",NYSE,Finance,6311
GO,Grocery Outlet Holding Corp.,NASDAQ,Consumer Non-Cyclicals,5411
GOOGL,Alphabet Inc. Class A,NASDAQ,Technology,7375
GPC,Genuine Parts Company,NYSE,Consumer Cyclicals,5013
GPI,"Group 1 Automotive, Inc.",NYSE,Consumer Cyclicals,5511
GPMT,Granite Point Mortgage Trust Inc.,NYSE,Finance,6798
GPN,Global Payments Inc.,NYSE,Finance,7389
GPRE,Green Plains Inc.,NASDAQ,Non-Energy Materials,2869
GPS,"Gap, Inc.",NYSE,Consumer Cyclicals,5651
GRMN,Garmin Ltd.,NASDAQ,Technology,3812
GRUB,"Grubhub, Inc.",NYSE,Consumer Services,5963
GS,"Goldman Sachs Group, Inc.",NYSE,Finance,6211
GT,Goodyear Tire & Rubber Company,NASDAQ,Consumer Cyclicals,3011
GTLS,"Chart Industries, Inc.",NASDAQ,Industrials,3443
GTY,Getty Realty Corp.,NYSE,Finance,6798
GVA,Granite Construction Incorporated,NYSE,Industrials,1611
GWB,"Great Western Bancorp, Inc.",NYSE,Finance,6022
GWW,"W.W. Grainger, Inc.",NYSE,Industrials,5085
HA,"Hawaiian Holdings, Inc.",NASDAQ,Industrials,4512
HAE,Haemonetics Corporation,NYSE,Healthcare,3841
HAFC,Hanmi Financial Corporation,NASDAQ,Finance,6021
HAIN,"Hain Celestial Group, Inc.",NASDAQ,Consumer Non-Cyclicals,5149
HAL,Halliburton Company,NYSE,Energy,1382
HALO,"Halozyme Therapeutics, Inc.",NASDAQ,Healthcare,2836
HAS,"Hasbro, Inc.",NASDAQ,Consumer Cyclicals,3944
HAYN,"Haynes International, Inc.",NASDAQ,Non-Energy Materials,3356
HBAN,Huntington Bancshares Incorporated,NASDAQ,Finance,6021
HBI,Hanesbrands Inc.,NYSE,Consumer Cyclicals,2322
HCA,HCA Healthcare Inc,NYSE,Healthcare,8062
HCC,"Warrior Met Coal, Inc.",NYSE,Energy,1221
HCI,"HCI Group, Inc.",NYSE,Finance,6331
HCSG,"Healthcare Services Group, Inc.",NASDAQ,Consumer Non-Cyclicals,7299
HD,"Home Depot, Inc.",NYSE,Consumer Cyclicals,5211
HE,"Hawaiian Electric Industries, Inc.",NYSE,Utilities,4911
HELE,Helen of Troy Limited,NASDAQ,Consumer Non-Cyclicals,3634
HES,Hess Corporation,NYSE,Energy,1311
HFC,HollyFrontier Corporation,NYSE,Energy,2911
HFWA,Heritage Financial Corporation,NASDAQ,Finance,6022
HI,"Hillenbrand, Inc.",NYSE,Industrials,3999
HIBB,"Hibbett Sports, Inc.",NASDAQ,Consumer Cyclicals,5941
HIG,"Hartford Financial Services Group, Inc.",NYSE,Finance,6331
HII,"Huntington Ingalls Industries, Inc.",NYSE,Industrials,3731
HIW,"Highwoods Properties, Inc.",NYSE,Finance,6798
HLIT,Harmonic Inc.,NASDAQ,Technology,3663
HLT,Hilton Worldwide Holdings Inc,NYSE,Consumer Services,7011
HLX,"Helix Energy Solutions Group, Inc.",NYSE,Energy,1389
HMN,Horace Mann Educators Corporation,NYSE,Finance,6331
HMST,"HomeStreet, Inc.",NASDAQ,Finance,6022
HMSY,HMS Holdings Corp.,NASDAQ,Healthcare,7389
HNGR,"Hanger, Inc.",NYSE,Healthcare,8031
HNI,HNI Corporation,NYSE,Consumer Non-Cyclicals,2522
HOG,"Harley-Davidson, Inc.",NYSE,Consumer Cyclicals,3751
HOLX,"Hologic, Inc.",NASDAQ,Healthcare,3844
HOMB,"Home BancShares, Inc.",NASDAQ,Finance,6022
HON,Honeywell International Inc.,NYSE,Industrials,3724
HOPE,"Hope Bancorp, Inc.",NASDAQ,Finance,6021
HP,"Helmerich & Payne, Inc.",NYSE,Energy,1381
HPE,Hewlett Packard Enterprise Co.,NYSE,Technology,7372
HPP,"Hudson Pacific Properties, Inc.",NYSE,Finance,6798
HPQ,HP Inc.,NYSE,Technology,3571
HQY,HealthEquity Inc,NASDAQ,Business Services,7389
HR,Healthcare Realty Trust Incorporated,NYSE,Finance,6798
HRB,"H&R Block, Inc.",NYSE,Business Services,7291
HRC,"Hill-Rom Holdings, Inc.",NYSE,Healthcare,3841
HRL,Hormel Foods Corporation,NYSE,Consumer Non-Cyclicals,2011
HSC,Harsco Corporation,NYSE,Non-Energy Materials,3312
HSIC,"Henry Schein, Inc.",NASDAQ,Healthcare,5047
HSII,"Heidrick & Struggles International, Inc.",NASDAQ,Business Services,7361
HSKA,Heska Corporation,NASDAQ,Healthcare,2834
HST,"Host Hotels & Resorts, Inc.",NASDAQ,Finance,7011
HSTM,"HealthStream, Inc.",NASDAQ,Healthcare,7372
HSY,Hershey Company,NYSE,Consumer Non-Cyclicals,2066
HT,Hersha Hospitality Trust Class A,NYSE,Finance,6798
HTLD,"Heartland Express, Inc.",NASDAQ,Industrials,4213
HUBB,Hubbell Incorporated Class B,NYSE,Industrials,5063
HUBG,"Hub Group, Inc. Class A",NASDAQ,Industrials,4731
HUM,Humana Inc.,NYSE,Healthcare,6324
HVT,"Haverty Furniture Companies, Inc.",NYSE,Consumer Cyclicals,5712
HWC,Hancock Whitney Corporation,NASDAQ,Finance,6022
HWKN,"Hawkins, Inc.",NASDAQ,Non-Energy Materials,2869
HWM,Howmet Aerospace Inc.,NYSE,Non-Energy Materials,3355
HXL,Hexcel Corporation,NYSE,Industrials,3624
HZO,"MarineMax, Inc.",NYSE,Consumer Cyclicals,5551
IAA,"IAA, Inc.",NYSE,Consumer Cyclicals,5999
IART,Integra LifeSciences Holdings Corporation,NASDAQ,Healthcare,3841
IBKR,"Interactive Brokers Group, Inc. Class A",NASDAQ,Finance,6211
IBM,International Business Machines Corporation,NYSE,Technology,7373
IBOC,International Bancshares Corporation,NASDAQ,Finance,6022
IBP,"Installed Building Products, Inc.",NYSE,Industrials,5039
IBTX,"Independent Bank Group, Inc.",NASDAQ,Finance,6021
ICE,"Intercontinental Exchange, Inc.",NYSE,Finance,6231
ICHR,"Ichor Holdings, Ltd.",NASDAQ,Technology,3674
ICUI,"ICU Medical, Inc.",NASDAQ,Healthcare,3841
IDA,"IDACORP, Inc.",NYSE,Utilities,4911
IDCC,"InterDigital, Inc.",NASDAQ,Technology,6794
IDXX,"IDEXX Laboratories, Inc.",NASDAQ,Healthcare,2835
IEX,IDEX Corporation,NYSE,Industrials,3561
IFF,International Flavors & Fragrances Inc.,NYSE,Non-Energy Materials,2844
IIIN,"Insteel Industries, Inc.",NASDAQ,Non-Energy Materials,3496
IIPR,Innovative Industrial Properties Inc,NYSE,Finance,6798
IIVI,II-VI Incorporated,NASDAQ,Technology,3699
ILMN,"Illumina, Inc.",NASDAQ,Healthcare,3826
ILPT,Industrial Logistics Properties Trust,NASDAQ,Finance,6798
INCY,Incyte Corporation,NASDAQ,Healthcare,2834
INDB,Independent Bank Corp.,NASDAQ,Finance,6022
INFO,IHS Markit Ltd.,NYSE,Technology,7374
INGN,"Inogen, Inc.",NASDAQ,Healthcare,3842
INGR,Ingredion Incorporated,NYSE,Non-Energy Materials,2046
INN,"Summit Hotel Properties, Inc.",NYSE,Finance,6798
INT,World Fuel Services Corporation,NYSE,Industrials,5172
INTC,Intel Corporation,NASDAQ,Technology,3674
INTU,Intuit Inc.,NASDAQ,Technology,7372
INVA,"Innoviva, Inc.",NASDAQ,Healthcare,2834
IOSP,Innospec Inc.,NASDAQ,Non-Energy Materials,2869
IP,International Paper Company,NYSE,Non-Energy Materials,2621
IPAR,"Inter Parfums, Inc.",NASDAQ,Consumer Non-Cyclicals,2844
IPG,"Interpublic Group of Companies, Inc.",NYSE,Business Services,7311
IPGP,IPG Photonics Corporation,NASDAQ,Industrials,3674
IQV,IQVIA Holdings Inc,NYSE,Healthcare,8731
IR,Ingersoll Rand Inc.,NYSE,Industrials,3563
IRBT,iRobot Corporation,NASDAQ,Consumer Non-Cyclicals,3639
IRDM,Iridium Communications Inc.,NASDAQ,Telecommunications,4813
IRET,Investors Real Estate Trust,NYSE,Finance,6798
IRM,"Iron Mountain, Inc.",NYSE,Finance,7374
IRT,"Independence Realty Trust, Inc.",NYSE,Finance,6798
ISRG,"Intuitive Surgical, Inc.",NASDAQ,Healthcare,3842
IT,"Gartner, Inc.",NYSE,Technology,8742
ITGR,Integer Holdings Corporation,NYSE,Healthcare,3841
ITRI,"Itron, Inc.",NASDAQ,Industrials,3825
ITT,"ITT, Inc.",NYSE,Industrials,3714
ITW,Illinois Tool Works Inc.,NYSE,Industrials,3599
IVC,Invacare Corporation,NYSE,Healthcare,3842
IVR,Invesco Mortgage Capital Inc.,NYSE,Finance,6798
IVZ,Invesco Ltd.,NYSE,Finance,6282
J,Jacobs Engineering Group Inc.,NYSE,Industrials,1611
JACK,Jack in the Box Inc.,NASDAQ,Consumer Services,5812
JAZZ,Jazz Pharmaceuticals Plc,NASDAQ,Healthcare,2834
JBGS,JBG SMITH Properties,NYSE,Finance,6512
JBHT,"J.B. Hunt Transport Services, Inc.",NASDAQ,Industrials,4213
JBL,Jabil Inc.,NYSE,Technology,3672
JBLU,JetBlue Airways Corporation,NASDAQ,Industrials,4512
JBSS,"John B. Sanfilippo & Son, Inc.",NASDAQ,Consumer Non-Cyclicals,2068
JBT,John Bean Technologies Corporation,NYSE,Industrials,3556
JCI,Johnson Controls International plc,NYSE,Industrials,7382
JCOM,"J2 Global, Inc.",NASDAQ,Technology,4822
JEF,Jefferies Financial Group Inc.,NYSE,Finance,6211
JHG,Janus Henderson Group PLC,NYSE,Finance,6282
JJSF,J & J Snack Foods Corp.,NASDAQ,Consumer Non-Cyclicals,2051
JKHY,"Jack Henry & Associates, Inc.",NASDAQ,Finance,7373
JLL,Jones Lang LaSalle Incorporated,NYSE,Finance,6531
JNJ,Johnson & Johnson,NYSE,Healthcare,2834
JNPR,"Juniper Networks, Inc.",NYSE,Technology,7373
JOE,St. Joe Company,NYSE,Finance,7011
JPM,JPMorgan Chase & Co.,NYSE,Finance,6021
JRVR,James River Group Holdings Ltd,NASDAQ,Finance,6331
JW.A,"John Wiley & Sons, Inc. Class A",NYSE,Consumer Services,2731
JWN,"Nordstrom, Inc.",NYSE,Consumer Non-Cyclicals,5651
K,Kellogg Company,NYSE,Consumer Non-Cyclicals,2043
KALU,Kaiser Aluminum Corporation,NASDAQ,Non-Energy Materials,3354
KAMN,Kaman Corporation Class A,NYSE,Industrials,3721
KAR,"KAR Auction Services, Inc.",NYSE,Consumer Cyclicals,5012
KBH,KB Home,NYSE,Consumer Cyclicals,1521
KBR,"KBR, Inc.",NYSE,Industrials,8711
KELYA,"Kelly Services, Inc. Class A",NASDAQ,Business Services,7361
KEX,Kirby Corporation,NYSE,Industrials,4449
KEY,KeyCorp,NYSE,Finance,6021
KEYS,Keysight Technologies Inc,NYSE,Technology,3825
KFY,Korn Ferry,NYSE,Business Services,7361
KHC,Kraft Heinz Company,NASDAQ,Consumer Non-Cyclicals,2099
KIM,Kimco Realty Corporation,NYSE,Finance,6798
KLAC,KLA Corporation,NASDAQ,Technology,3827
KLIC,"Kulicke & Soffa Industries, Inc.",NASDAQ,Technology,3674
KMB,Kimberly-Clark Corporation,NYSE,Consumer Non-Cyclicals,2676
KMI,Kinder Morgan Inc Class P,NYSE,Energy,4922
KMPR,Kemper Corporation,NYSE,Finance,6331
KMT,Kennametal Inc.,NYSE,Industrials,3545
KMX,"CarMax, Inc.",NYSE,Consumer Cyclicals,5521
KN,Knowles Corp.,NYSE,Technology,3651
KNSL,"Kinsale Capital Group, Inc.",NASDAQ,Finance,6331
KNX,Knight-Swift Transportation Holdings Inc. Class A,NYSE,Industrials,4213
KO,Coca-Cola Company,NYSE,Consumer Non-Cyclicals,2086
KOP,Koppers Holdings Inc.,NYSE,Non-Energy Materials,2491
KR,Kroger Co.,NYSE,Consumer Non-Cyclicals,5411
KRA,Kraton Corporation,NYSE,Non-Energy Materials,2821
KRC,Kilroy Realty Corporation,NYSE,Finance,6798
KREF,KKR Real Estate Finance Trust Inc.,NYSE,Finance,6189
KRG,Kite Realty Group Trust,NYSE,Finance,6798
KSS,Kohl's Corporation,NYSE,Consumer Non-Cyclicals,5621
KSU,Kansas City Southern,NYSE,Industrials,4011
KTB,"Kontoor Brands, Inc.",NYSE,Consumer Cyclicals,2389
KWR,Quaker Chemical Corporation,NYSE,Non-Energy Materials,2992
L,Loews Corporation,NYSE,Finance,6331
LAD,"Lithia Motors, Inc. Class A",NYSE,Consumer Cyclicals,5511
LAMR,Lamar Advertising Company Class A,NASDAQ,Finance,7312
LANC,Lancaster Colony Corporation,NASDAQ,Consumer Non-Cyclicals,2035
LB,"L Brands, Inc.",NYSE,Consumer Cyclicals,5621
LCI,"Lannett Company, Inc.",NYSE,Healthcare,2834
LCII,LCI Industries,NYSE,Consumer Cyclicals,3714
LDL,"Lydall, Inc.",NYSE,Industrials,3564
LDOS,"Leidos Holdings, Inc.",NYSE,Industrials,7373
LEA,Lear Corporation,NYSE,Consumer Cyclicals,2396
LECO,"Lincoln Electric Holdings, Inc.",NASDAQ,Industrials,3548
LEG,"Leggett & Platt, Incorporated",NYSE,Non-Energy Materials,2515
LEN,Lennar Corporation Class A,NYSE,Consumer Cyclicals,1531
LFUS,"Littelfuse, Inc.",NASDAQ,Technology,3613
LGIH,"LGI Homes, Inc.",NASDAQ,Consumer Cyclicals,1531
LGND,Ligand Pharmaceuticals Incorporated,NASDAQ,Healthcare,2834
LH,Laboratory Corporation of America Holdings,NYSE,Healthcare,8071
LHCG,"LHC Group, Inc.",NASDAQ,Healthcare,8082
LHX,L3Harris Technologies Inc,NYSE,Industrials,3812
LII,Lennox International Inc.,NYSE,Industrials,3585
LIN,Linde plc,NYSE,Non-Energy Materials,2813
LITE,"Lumentum Holdings, Inc.",NASDAQ,Technology,3357
LIVN,LivaNova Plc,NASDAQ,Healthcare,3845
LKQ,LKQ Corporation,NASDAQ,Consumer Cyclicals,5015
LL,"Lumber Liquidators Holdings, Inc.",NYSE,Consumer Cyclicals,5713
LLY,Eli Lilly and Company,NYSE,Healthcare,2834
LMAT,"LeMaitre Vascular, Inc.",NASDAQ,Healthcare,3841
LMNX,Luminex Corp,NASDAQ,Healthcare,8731
LMT,Lockheed Martin Corporation,NYSE,Industrials,3721
LNC,Lincoln National Corporation,NYSE,Finance,6311
LNN,Lindsay Corporation,NYSE,Industrials,3523
LNT,Alliant Energy Corp,NASDAQ,Utilities,4931
LNTH,Lantheus Holdings Inc,NASDAQ,Healthcare,2834
LOCO,El Pollo Loco Holdings Inc,NASDAQ,Consumer Services,5812
LOPE,"Grand Canyon Education, Inc.",NASDAQ,Consumer Non-Cyclicals,8299
LOW,"Lowe's Companies, Inc.",NYSE,Consumer Cyclicals,5211
LPG,Dorian LPG Ltd.,NYSE,Energy,4412
LPI,"Laredo Petroleum, Inc.",NYSE,Energy,1311
LPSN,"LivePerson, Inc.",NASDAQ,Technology,7372
LPX,Louisiana-Pacific Corporation,NYSE,Non-Energy Materials,2439
LQDT,"Liquidity Services, Inc.",NASDAQ,Consumer Cyclicals,6153
LRCX,Lam Research Corporation,NASDAQ,Technology,3559
LSI,"Life Storage, Inc.",NYSE,Finance,6798
LSTR,"Landstar System, Inc.",NASDAQ,Industrials,4213
LTC,"LTC Properties, Inc.",NYSE,Finance,6798
LTHM,Livent Corporation,NYSE,Non-Energy Materials,2819
LUMN,"Lumen Technologies, Inc.",NYSE,Telecommunications,4813
LUV,Southwest Airlines Co.,NYSE,Industrials,4512
LVS,Las Vegas Sands Corp.,NYSE,Consumer Services,7011
LW,"Lamb Weston Holdings, Inc.",NYSE,Consumer Non-Cyclicals,2037
LXP,Lexington Realty Trust,NYSE,Finance,6798
LYB,LyondellBasell Industries NV,NYSE,Non-Energy Materials,2869
LYV,"Live Nation Entertainment, Inc.",NYSE,Consumer Services,7999
LZB,LaZBoy Incorporated,NYSE,Consumer Cyclicals,2512
M,Macy's Inc,NYSE,Consumer Non-Cyclicals,5999
MA,Mastercard Incorporated Class A,NYSE,Finance,7389
MAA,"Mid-America Apartment Communities, Inc.",NYSE,Finance,6798
MAC,Macerich Company,NYSE,Finance,6798
MAN,ManpowerGroup Inc.,NYSE,Business Services,7361
MANH,"Manhattan Associates, Inc.",NASDAQ,Technology,7372
MANT,ManTech International Corporation Class A,NASDAQ,Industrials,7372
MAR,"Marriott International, Inc. Class A",NASDAQ,Consumer Services,7011
MAS,Masco Corporation,NYSE,Consumer Non-Cyclicals,3432
MASI,Masimo Corporation,NASDAQ,Healthcare,3845
MAT,"Mattel, Inc.",NASDAQ,Consumer Cyclicals,3942
MATW,Matthews International Corporation Class A,NASDAQ,Business Services,7311
MATX,"Matson, Inc.",NYSE,Industrials,4412
MCD,McDonald's Corporation,NYSE,Consumer Services,5812
MCHP,Microchip Technology Incorporated,NASDAQ,Technology,3674
MCK,McKesson Corporation,NYSE,Healthcare,2834
MCO,Moody's Corporation,NYSE,Business Services,7323
MCRI,"Monarch Casino & Resort, Inc.",NASDAQ,Consumer Services,7011
MCS,Marcus Corporation,NYSE,Consumer Services,7832
MCY,Mercury General Corporation,NYSE,Finance,6331
MD,"MEDNAX, Inc.",NYSE,Healthcare,8062
MDC,"M.D.C. Holdings, Inc.",NYSE,Consumer Cyclicals,1521
MDLZ,"Mondelez International, Inc. Class A",NASDAQ,Consumer Non-Cyclicals,2052
MDP,Meredith Corporation,NYSE,Consumer Services,2721
MDRX,"Allscripts Healthcare Solutions, Inc.",NASDAQ,Healthcare,7373
MDT,Medtronic Plc,NYSE,Healthcare,3845
MDU,MDU Resources Group Inc,NYSE,Industrials,4924
MED,"Medifast, Inc.",NYSE,Consumer Non-Cyclicals,2834
MEDP,"Medpace Holdings, Inc.",NASDAQ,Healthcare,8731
MEI,"Methode Electronics, Inc.",NYSE,Consumer Cyclicals,3679
MERC,Mercer International Inc.,NASDAQ,Non-Energy Materials,2611
MET,"MetLife, Inc.",NYSE,Finance,6311
MGLN,"Magellan Health, Inc.",NASDAQ,Healthcare,8011
MGM,MGM Resorts International,NYSE,Consumer Services,7011
MGPI,"MGP Ingredients, Inc.",NASDAQ,Consumer Non-Cyclicals,2085
MHK,"Mohawk Industries, Inc.",NYSE,Non-Energy Materials,2273
MHO,"M/I Homes, Inc.",NYSE,Consumer Cyclicals,1521
MIDD,Middleby Corporation,NASDAQ,Industrials,3556
MIK,Michaels Companies Inc,NASDAQ,Consumer Cyclicals,5945
MKC,"McCormick & Company, Incorporated",NYSE,Consumer Non-Cyclicals,2099
MKSI,"MKS Instruments, Inc.",NASDAQ,Technology,3823
MKTX,MarketAxess Holdings Inc.,NASDAQ,Finance,6231
MLAB,"Mesa Laboratories, Inc.",NASDAQ,Industrials,3823
MLHR,"Herman Miller, Inc.",NASDAQ,Consumer Non-Cyclicals,5021
MLI,"Mueller Industries, Inc.",NYSE,Non-Energy Materials,3498
MLM,"Martin Marietta Materials, Inc.",NYSE,Non-Energy Materials,1422
MMC,"Marsh & McLennan Companies, Inc.",NYSE,Business Services,6411
MMI,"Marcus & Millichap, Inc.",NYSE,Finance,6531
MMM,3M Company,NYSE,Non-Energy Materials,3291
MMS,"MAXIMUS, Inc.",NYSE,Healthcare,9431
MMSI,"Merit Medical Systems, Inc.",NASDAQ,Healthcare,3841
MNRO,Monro Inc,NASDAQ,Consumer Cyclicals,7538
MNST,Monster Beverage Corporation,NASDAQ,Consumer Non-Cyclicals,2086
MO,Altria Group Inc,NYSE,Consumer Non-Cyclicals,2111
MOG.A,Moog Inc. Class A,NYSE,Industrials,3812
MOH,"Molina Healthcare, Inc.",NYSE,Healthcare,6321
MOS,Mosaic Company,NYSE,Non-Energy Materials,2874
MOV,"Movado Group, Inc.",NYSE,Consumer Cyclicals,3873
MPAA,"Motorcar Parts of America, Inc.",NASDAQ,Consumer Cyclicals,5013
MPC,Marathon Petroleum Corporation,NYSE,Energy,2911
MPW,"Medical Properties Trust, Inc.",NYSE,Finance,6798
MPWR,"Monolithic Power Systems, Inc.",NASDAQ,Technology,3674
MRCY,"Mercury Systems, Inc.",NASDAQ,Industrials,7373
MRK,"Merck & Co., Inc.",NYSE,Healthcare,2834
MRO,Marathon Oil Corporation,NYSE,Energy,1311
MRTN,"Marten Transport, Ltd.",NASDAQ,Industrials,4213
MS,Morgan Stanley,NYSE,Finance,6211
MSA,"MSA Safety, Inc.",NYSE,Industrials,3842
MSCI,MSCI Inc. Class A,NYSE,Technology,7374
MSFT,Microsoft Corporation,NASDAQ,Technology,7372
MSI,"Motorola Solutions, Inc.",NYSE,Technology,3663
MSM,"MSC Industrial Direct Co., Inc. Class A",NYSE,Industrials,5084
MSTR,MicroStrategy Incorporated Class A,NASDAQ,Technology,7372
MTB,M&T Bank Corporation,NYSE,Finance,6022
MTD,Mettler-Toledo International Inc.,NYSE,Healthcare,3826
MTDR,Matador Resources Company,NYSE,Energy,1311
MTG,MGIC Investment Corporation,NYSE,Finance,6351
MTH,Meritage Homes Corporation,NYSE,Consumer Cyclicals,1531
MTOR,"Meritor, Inc.",NYSE,Industrials,3714
MTRN,Materion Corporation,NYSE,Non-Energy Materials,3339
MTRX,Matrix Service Company,NASDAQ,Industrials,8711
MTSC,MTS Systems Corporation,NASDAQ,Industrials,3829
MTX,Minerals Technologies Inc.,NYSE,Non-Energy Materials,2819
MTZ,"MasTec, Inc.",NYSE,Industrials,1389
MU,"Micron Technology, Inc.",NASDAQ,Technology,3674
MUR,Murphy Oil Corporation,NYSE,Energy,1311
MUSA,"Murphy USA, Inc.",NYSE,Consumer Cyclicals,5541
MXIM,"Maxim Integrated Products, Inc.",NASDAQ,Technology,3674
MXL,MaxLinear inc,NYSE,Technology,3674
MYE,"Myers Industries, Inc.",NYSE,Non-Energy Materials,3089
MYGN,"Myriad Genetics, Inc.",NASDAQ,Healthcare,2835
MYRG,MYR Group Inc.,NASDAQ,Industrials,1623
NATI,National Instruments Corporation,NASDAQ,Technology,7372
NAVI,Navient Corp,NASDAQ,Finance,6211
NBHC,National Bank Holdings Corporation Class A,NYSE,Finance,6021
NBR,Nabors Industries Ltd.,NYSE,Energy,1381
NBTB,NBT Bancorp Inc.,NASDAQ,Finance,6021
NCLH,Norwegian Cruise Line Holdings Ltd.,NYSE,Consumer Services,4481
NCR,NCR Corporation,NYSE,Technology,7372
NDAQ,"Nasdaq, Inc.",NASDAQ,Finance,6231
NDSN,Nordson Corporation,NASDAQ,Industrials,3569
NEE,"NextEra Energy, Inc.",NYSE,Utilities,4911
NEM,Newmont Corporation,NYSE,Non-Energy Materials,1041
NEO,"NeoGenomics, Inc.",NASDAQ,Healthcare,8071
NEOG,Neogen Corporation,NASDAQ,Healthcare,2835
NEU,NewMarket Corporation,NYSE,Non-Energy Materials,2819
NFBK,"Northfield Bancorp, Inc.",NASDAQ,Finance,6035
NFG,National Fuel Gas Company,NYSE,Utilities,4924
NFLX,"Netflix, Inc.",NASDAQ,Technology,4841
NGVT,Ingevity Corporation,NYSE,Non-Energy Materials,2899
NI,NiSource Inc,NYSE,Utilities,4924
NJR,New Jersey Resources Corporation,NYSE,Utilities,4924
NKE,"NIKE, Inc. Class B",NYSE,Consumer Cyclicals,3021
NKTR,Nektar Therapeutics,NASDAQ,Healthcare,2834
NLOK,NortonLifeLock Inc.,NASDAQ,Technology,7372
NLSN,Nielsen Holdings Plc,NYSE,Business Services,7389
NMIH,"NMI Holdings, Inc. Class A",NASDAQ,Finance,6331
NNN,"National Retail Properties, Inc.",NYSE,Finance,6798
NOC,Northrop Grumman Corporation,NYSE,Industrials,3721
NOV,"National Oilwell Varco, Inc.",NYSE,Energy,3533
NOW,"ServiceNow, Inc.",NYSE,Technology,7372
NP,Neenah Inc,NYSE,Non-Energy Materials,2621
NPK,"National Presto Industries, Inc.",NYSE,Industrials,3483
NPO,"EnPro Industries, Inc.",NYSE,Industrials,3053
NRG,"NRG Energy, Inc.",NYSE,Utilities,4911
NSA,National Storage Affiliates Trust,NYSE,Finance,6798
NSC,Norfolk Southern Corporation,NYSE,Industrials,4011
NSIT,"Insight Enterprises, Inc.",NASDAQ,Technology,7379
NSP,"Insperity, Inc.",NYSE,Business Services,7363
NTAP,"NetApp, Inc.",NASDAQ,Technology,3572
NTCT,"NetScout Systems, Inc.",NASDAQ,Technology,7373
NTGR,"NETGEAR, Inc.",NASDAQ,Technology,4812
NTRS,Northern Trust Corporation,NASDAQ,Finance,6022
NTUS,Natus Medical Incorporated,NASDAQ,Healthcare,3845
NUE,Nucor Corporation,NYSE,Non-Energy Materials,3312
NUS,"Nu Skin Enterprises, Inc. Class A",NYSE,Consumer Non-Cyclicals,5122
NUVA,"NuVasive, Inc.",NASDAQ,Healthcare,3841
NVDA,NVIDIA Corporation,NASDAQ,Technology,3674
NVR,"NVR, Inc.",NYSE,Consumer Cyclicals,1521
NVT,nVent Electric plc,NYSE,Industrials,3644
NWBI,"Northwest Bancshares, Inc.",NASDAQ,Finance,6022
NWE,NorthWestern Corporation,NASDAQ,Utilities,4911
NWL,Newell Brands Inc,NASDAQ,Consumer Non-Cyclicals,3952
NWN,Northwest Natural Holding Co.,NYSE,Utilities,4924
NWSA,News Corporation Class A,NASDAQ,Consumer Services,2711
NX,Quanex Building Products Corporation,NYSE,Non-Energy Materials,3442
NXGN,"NextGen Healthcare, Inc.",NASDAQ,Healthcare,7373
NXRT,NexPoint Residential Trust Inc,NYSE,Finance,6798
NYCB,"New York Community Bancorp, Inc.",NYSE,Finance,6035
NYMT,"New York Mortgage Trust, Inc.",NASDAQ,Finance,6798
NYT,New York Times Company Class A,NYSE,Consumer Services,2711
O,Realty Income Corporation,NYSE,Finance,6798
OC,Owens Corning,NYSE,Non-Energy Materials,3229
ODFL,"Old Dominion Freight Line, Inc.",NASDAQ,Industrials,4213
ODP,ODP Corporation,NASDAQ,Consumer Cyclicals,5044
OFC,Corporate Office Properties Trust,NYSE,Finance,6798
OFG,OFG Bancorp,NYSE,Finance,6022
OFIX,"Orthofix Medical, Inc.",NASDAQ,Healthcare,3842
OGE,OGE Energy Corp.,NYSE,Utilities,4911
OGS,"ONE Gas, Inc.",NYSE,Utilities,4924
OHI,"Omega Healthcare Investors, Inc.",NYSE,Finance,6798
OI,O-I Glass Inc,NYSE,Non-Energy Materials,3221
OII,"Oceaneering International, Inc.",NYSE,Energy,1389
OIS,"Oil States International, Inc.",NYSE,Energy,3533
OKE,"ONEOK, Inc.",NYSE,Energy,4922
OLED,Universal Display Corporation,NASDAQ,Technology,3674
OLLI,Ollie's Bargain Outlet Holdings Inc,NASDAQ,Consumer Non-Cyclicals,5399
OLN,Olin Corporation,NYSE,Non-Energy Materials,2812
OMC,Omnicom Group Inc,NYSE,Business Services,7311
OMCL,"Omnicell, Inc.",NASDAQ,Healthcare,7373
OMI,"Owens & Minor, Inc.",NYSE,Healthcare,5047
ONB,Old National Bancorp,NASDAQ,Finance,6021
ONTO,"Onto Innovation, Inc.",NYSE,Technology,7372
OPI,Office Properties Income Trust,NASDAQ,Finance,6798
ORCL,Oracle Corporation,NYSE,Technology,7372
ORI,Old Republic International Corporation,NYSE,Finance,6351
ORLY,"O'Reilly Automotive, Inc.",NASDAQ,Consumer Cyclicals,5531
OSIS,"OSI Systems, Inc.",NASDAQ,Technology,3674
OSK,Oshkosh Corp,NYSE,Industrials,3531
OSPN,OneSpan Inc.,NASDAQ,Technology,7373
OSUR,"OraSure Technologies, Inc.",NASDAQ,Healthcare,3841
OTIS,Otis Worldwide Corporation,NYSE,Business Services,3534
OXM,"Oxford Industries, Inc.",NYSE,Consumer Cyclicals,2329
OXY,Occidental Petroleum Corporation,NYSE,Energy,1311
OZK,Bank OZK,NASDAQ,Finance,6022
PACW,PacWest Bancorp,NASDAQ,Finance,6021
PAHC,Phibro Animal Health Corporation Class A,NASDAQ,Healthcare,2834
PARR,Par Pacific Holdings Inc,NYSE,Energy,2911
PATK,"Patrick Industries, Inc.",NASDAQ,Consumer Cyclicals,2452
PAYC,"Paycom Software, Inc.",NYSE,Technology,7372
PAYX,"Paychex, Inc.",NASDAQ,Business Services,8721
PB,"Prosperity Bancshares, Inc.(R)",NYSE,Finance,6022
PBCT,"People's United Financial, Inc.",NASDAQ,Finance,6021
PBF,"PBF Energy, Inc. Class A",NYSE,Energy,2911
PBH,Prestige Consumer Healthcare Inc,NYSE,Healthcare,2834
PBI,Pitney Bowes Inc.,NYSE,Technology,3579
PCAR,PACCAR Inc,NASDAQ,Industrials,3711
PCH,PotlatchDeltic Corporation,NASDAQ,Finance,5031
PCRX,"Pacira Biosciences, Inc.",NASDAQ,Healthcare,2834
PCTY,Paylocity Holding Corp.,NASDAQ,Technology,7372
PDCE,"PDC Energy, Inc.",NASDAQ,Energy,1311
PDCO,"Patterson Companies, Inc.",NASDAQ,Healthcare,2048
PDFS,"PDF Solutions, Inc.",NASDAQ,Technology,7372
PEAK,"Healthpeak Properties, Inc.",NYSE,Finance,6798
PEB,Pebblebrook Hotel Trust,NYSE,Finance,6798
PEG,Public Service Enterprise Group Inc,NYSE,Utilities,4931
PEN,"Penumbra, Inc.",NYSE,Healthcare,3841
PENN,"Penn National Gaming, Inc.",NASDAQ,Consumer Services,7999
PEP,"PepsiCo, Inc.",NASDAQ,Consumer Non-Cyclicals,2086
PETS,"PetMed Express, Inc.",NASDAQ,Consumer Cyclicals,5912
PFBC,Preferred Bank,NASDAQ,Finance,6022
PFE,Pfizer Inc.,NYSE,Healthcare,2834
PFG,"Principal Financial Group, Inc.",NASDAQ,Finance,6371
PFS,"Provident Financial Services, Inc.",NYSE,Finance,6035
PG,Procter & Gamble Company,NYSE,Consumer Non-Cyclicals,2841
PGR,Progressive Corporation,NYSE,Finance,6331
PGTI,"PGT Innovations, Inc.",NYSE,Non-Energy Materials,3442
PH,Parker-Hannifin Corporation,NYSE,Industrials,3499
PHM,"PulteGroup, Inc.",NYSE,Consumer Cyclicals,1531
PII,Polaris Inc.,NYSE,Consumer Cyclicals,3799
PIPR,Piper Sandler Companies,NYSE,Finance,6211
PK,"Park Hotels & Resorts, Inc.",NYSE,Finance,7011
PKE,Park Aerospace Corp.,NYSE,Non-Energy Materials,3728
PKG,Packaging Corporation of America,NYSE,Non-Energy Materials,2653
PKI,"PerkinElmer, Inc.",NYSE,Healthcare,3826
PLAB,"Photronics, Inc.",NASDAQ,Technology,3674
PLAY,"Dave & Buster's Entertainment, Inc.",NASDAQ,Consumer Services,5812
PLCE,"Children's Place, Inc.",NASDAQ,Consumer Cyclicals,5641
PLD,"Prologis, Inc.",NYSE,Finance,6798
PLMR,"Palomar Holdings, Inc.",NASDAQ,Finance,6331
PLT,"Plantronics, Inc.",NYSE,Technology,3661
PLUS,ePlus inc.,NASDAQ,Technology,7373
PLXS,Plexus Corp.,NASDAQ,Technology,3679
PM,Philip Morris International Inc.,NYSE,Consumer Non-Cyclicals,2111
PMT,PennyMac Mortgage Investment Trust,NYSE,Finance,6798
PNC,"PNC Financial Services Group, Inc.",NYSE,Finance,6021
PNFP,"Pinnacle Financial Partners, Inc.",NASDAQ,Finance,6022
PNM,"PNM Resources, Inc.",NYSE,Utilities,4911
PNR,Pentair plc,NYSE,Industrials,3589
PNTG,Pennant Group Inc,NASDAQ,Healthcare,8082
PNW,Pinnacle West Capital Corporation,NYSE,Utilities,4911
POOL,Pool Corporation,NASDAQ,Industrials,5091
POST,"Post Holdings, Inc.",NYSE,Consumer Non-Cyclicals,2043
POWI,"Power Integrations, Inc.",NASDAQ,Technology,3674
POWL,"Powell Industries, Inc.",NASDAQ,Industrials,3823
PPBI,"Pacific Premier Bancorp, Inc.",NASDAQ,Finance,6022
PPC,Pilgrim's Pride Corporation,NASDAQ,Consumer Non-Cyclicals,2015
PPG,"PPG Industries, Inc.",NYSE,Non-Energy Materials,2851
PPL,PPL Corporation,NYSE,Utilities,4911
PRA,ProAssurance Corporation,NYSE,Finance,6399
PRAA,PRA Group Inc,NASDAQ,Finance,7322
PRAH,"PRA Health Sciences, Inc.",NASDAQ,Healthcare,8731
PRDO,Perdoceo Education Corporation,NASDAQ,Consumer Non-Cyclicals,8221
PRFT,"Perficient, Inc.",NASDAQ,Technology,7371
PRGO,Perrigo Co. Plc,NYSE,Healthcare,2834
PRGS,Progress Software Corporation,NASDAQ,Technology,7371
PRI,"Primerica, Inc.",NYSE,Finance,6311
PRK,Park National Corporation,NYSE AMERICAN,Finance,6021
PRLB,"Proto Labs, Inc.",NYSE,Industrials,3544
PRSC,Providence Service Corporation,NASDAQ,Healthcare,8322
PRSP,"Perspecta, Inc.",NYSE,Business Services,7371
PRU,"Prudential Financial, Inc.",NYSE,Finance,6311
PSA,Public Storage,NYSE,Finance,6798
PSB,"PS Business Parks, Inc.",NYSE,Finance,6798
PSMT,"PriceSmart, Inc.",NASDAQ,Consumer Non-Cyclicals,5331
PSX,Phillips 66,NYSE,Energy,2911
PTC,PTC Inc.,NASDAQ,Technology,7372
PTEN,"Patterson-UTI Energy, Inc.",NASDAQ,Energy,1381
PUMP,ProPetro Holding Corp.,NYSE,Energy,1389
PVAC,Penn Virginia Corporation,NASDAQ,Energy,1311
PVH,PVH Corp.,NYSE,Consumer Cyclicals,2329
PWR,"Quanta Services, Inc.",NYSE,Industrials,1731
PXD,Pioneer Natural Resources Company,NYSE,Energy,1311
PYPL,PayPal Holdings Inc,NASDAQ,Finance,7389
PZZA,"Papa John's International, Inc.",NASDAQ,Consumer Services,5812
QCOM,Qualcomm Inc,NASDAQ,Technology,3674
QDEL,Quidel Corporation,NASDAQ,Healthcare,2835
QEP,"QEP Resources, Inc.",NYSE,Energy,1311
QLYS,"Qualys, Inc.",NASDAQ,Technology,7371
QNST,"QuinStreet, Inc.",NASDAQ,Business Services,8742
QRVO,"Qorvo, Inc.",NASDAQ,Technology,3674
R,"Ryder System, Inc.",NYSE,Industrials,7513
RAMP,"LiveRamp Holdings, Inc.",NYSE,Technology,7374
RAVN,"Raven Industries, Inc.",NASDAQ,Non-Energy Materials,3089
RBC,Regal Beloit Corp,NYSE,Industrials,3621
RC,Ready Capital Corporation,NYSE,Finance,6162
RCII,Rent-A-Center Inc,NASDAQ,Consumer Cyclicals,7359
RCL,Royal Caribbean Group,NYSE,Consumer Services,4481
RCM,R1 RCM Inc,NASDAQ,Healthcare,8741
RDNT,"RadNet, Inc.",NASDAQ,Healthcare,8071
RE,"Everest Re Group, Ltd.",NYSE,Finance,6399
REG,Regency Centers Corporation,NASDAQ,Finance,6798
REGI,"Renewable Energy Group, Inc.",NASDAQ,Non-Energy Materials,2869
REGN,"Regeneron Pharmaceuticals, Inc.",NASDAQ,Healthcare,2834
RES,"RPC, Inc.",NYSE,Energy,1389
REX,REX American Resources Corporation,NYSE,Non-Energy Materials,2869
REXR,"Rexford Industrial Realty, Inc.",NYSE,Finance,6798
REZI,"Resideo Technologies, Inc.",NYSE,Technology,7382
RF,Regions Financial Corporation,NYSE,Finance,6022
RGA,"Reinsurance Group of America, Incorporated",NYSE,Finance,6321
RGEN,Repligen Corporation,NASDAQ,Healthcare,2836
RGLD,"Royal Gold, Inc.",NASDAQ,Non-Energy Materials,1099
RGNX,"REGENXBIO, Inc.",NASDAQ,Healthcare,8731
RGP,"Resources Connection, Inc.",NASDAQ,Business Services,7389
RGR,"Sturm, Ruger & Company, Inc.",NYSE,Industrials,3484
RGS,Regis Corporation,NYSE,Consumer Non-Cyclicals,7231
RH,RH,NYSE,Consumer Cyclicals,5719
RHI,Robert Half International Inc.,NYSE,Business Services,7363
RJF,"Raymond James Financial, Inc.",NYSE,Finance,6211
RL,Ralph Lauren Corporation Class A,NYSE,Consumer Cyclicals,5137
RLGY,Realogy Holdings Corp.,NYSE,Finance,6531
RLI,RLI Corp.,NYSE,Finance,6331
RMAX,"RE/MAX Holdings, Inc.",NYSE,Finance,6531
RMBS,Rambus Inc.,NASDAQ,Technology,3674
RMD,ResMed Inc.,NYSE,Healthcare,3845
RNR,RenaissanceRe Holdings Ltd.,NYSE,Finance,6331
RNST,Renasant Corporation,NASDAQ,Finance,6022
ROCK,"Gibraltar Industries, Inc.",NASDAQ,Non-Energy Materials,3441
ROG,Rogers Corporation,NYSE,Non-Energy Materials,2821
ROIC,Retail Opportunity Investments Corp.,NASDAQ,Finance,6798
ROK,"Rockwell Automation, Inc.",NYSE,Industrials,3625
ROL,"Rollins, Inc.",NYSE,Business Services,7342
ROP,"Roper Technologies, Inc.",NYSE,Technology,3823
ROST,"Ross Stores, Inc.",NASDAQ,Consumer Non-Cyclicals,5651
RPAI,"Retail Properties of America, Inc. Class A",NYSE,Finance,6798
RPM,RPM International Inc.,NYSE,Non-Energy Materials,2851
RPT,RPT Realty,NYSE,Finance,6512
RRC,Range Resources Corporation,NYSE,Energy,1311
RRD,R.R. Donnelley & Sons Company,NYSE,Business Services,2754
RRGB,"Red Robin Gourmet Burgers, Inc.",NASDAQ,Consumer Services,5812
RS,Reliance Steel & Aluminum Co.,NYSE,Non-Energy Materials,5051
RSG,"Republic Services, Inc.",NYSE,Business Services,4953
RTX,Raytheon Technologies Corporation,NYSE,Industrials,3724
RUN,Sunrun Inc.,NASDAQ,Utilities,4931
RUTH,"Ruth's Hospitality Group, Inc.",NASDAQ,Consumer Services,5812
RWT,"Redwood Trust, Inc.",NYSE,Finance,6798
RYAM,Rayonier Advanced Materials Inc,NYSE,Non-Energy Materials,2823
RYN,Rayonier Inc.,NYSE,Finance,6798
SABR,Sabre Corp.,NASDAQ,Industrials,7389
SAFE,Safehold Inc.,NYSE,Finance,6512
SAFM,"Sanderson Farms, Inc.",NASDAQ,Consumer Non-Cyclicals,2015
SAFT,"Safety Insurance Group, Inc.",NASDAQ,Finance,6331
SAH,"Sonic Automotive, Inc. Class A",NYSE,Consumer Cyclicals,5511
SAIA,"Saia, Inc.",NASDAQ,Industrials,4213
SAIC,Science Applications International Corp.,NYSE,Industrials,7373
SAIL,"SailPoint Technologies Holdings, Inc.",NYSE,Technology,7374
SAM,"Boston Beer Company, Inc. Class A",NYSE,Consumer Non-Cyclicals,2082
SANM,Sanmina Corporation,NASDAQ,Technology,3672
SBAC,SBA Communications Corp. Class A,NASDAQ,Finance,6798
SBCF,Seacoast Banking Corporation of Florida,NASDAQ,Finance,6022
SBH,"Sally Beauty Holdings, Inc.",NYSE,Consumer Non-Cyclicals,5999
SBNY,Signature Bank,NASDAQ,Finance,6022
SBRA,"Sabra Health Care REIT, Inc.",NASDAQ,Finance,6798
SBSI,"Southside Bancshares, Inc.",NASDAQ,Finance,6022
SBUX,Starbucks Corporation,NASDAQ,Consumer Services,5812
SCHL,Scholastic Corporation,NASDAQ,Consumer Services,2731
SCHW,Charles Schwab Corporation,NYSE,Finance,6211
SCI,Service Corporation International,NYSE,Consumer Non-Cyclicals,7261
SCL,Stepan Company,NYSE,Non-Energy Materials,2819
SCSC,"ScanSource, Inc.",NASDAQ,Technology,7374
SCVL,"Shoe Carnival, Inc.",NASDAQ,Consumer Cyclicals,5661
SEDG,"SolarEdge Technologies, Inc.",NASDAQ,Technology,3629
SEE,Sealed Air Corporation,NYSE,Non-Energy Materials,3089
SEIC,SEI Investments Company,NASDAQ,Finance,6282
SEM,Select Medical Holdings Corporation,NYSE,Healthcare,8062
SENEA,Seneca Foods Corporation Class A,NASDAQ,Consumer Non-Cyclicals,2033
SF,Stifel Financial Corp.,NYSE,Finance,6211
SFBS,ServisFirst Bancshares Inc,NASDAQ,Finance,6022
SFM,"Sprouts Farmers Markets, Inc.",NASDAQ,Consumer Non-Cyclicals,5411
SFNC,Simmons First National Corporation Class A,NASDAQ,Finance,6021
SGH,"SMART Global Holdings, Inc.",NASDAQ,Technology,3674
SGMS,Scientific Games Corporation,NASDAQ,Consumer Services,7999
SHAK,"Shake Shack, Inc. Class A",NYSE,Consumer Services,5812
SHEN,Shenandoah Telecommunications Company,NASDAQ,Telecommunications,4813
SHOO,"Steven Madden, Ltd.",NASDAQ,Consumer Cyclicals,5139
SHW,Sherwin-Williams Company,NYSE,Non-Energy Materials,2851
SIG,Signet Jewelers Limited,NYSE,Consumer Cyclicals,5944
SIGI,"Selective Insurance Group, Inc.",NASDAQ,Finance,6331
SITC,SITE Centers Corp.,NYSE,Finance,6798
SIVB,SVB Financial Group,NASDAQ,Finance,6022
SIX,Six Flags Entertainment Corporation,NYSE,Consumer Services,7996
SJI,"South Jersey Industries, Inc.",NYSE,Utilities,4924
SJM,J.M. Smucker Company,NYSE,Consumer Non-Cyclicals,2047
SKT,"Tanger Factory Outlet Centers, Inc.",NYSE,Finance,6798
SKX,"Skechers U.S.A., Inc. Class A",NYSE,Consumer Cyclicals,3149
SKYW,"SkyWest, Inc",NASDAQ,Industrials,4512
SLAB,Silicon Laboratories Inc.,NASDAQ,Technology,3674
SLB,Schlumberger NV,NYSE,Energy,1389
SLCA,"U.S. Silica Holdings, Inc.",NYSE,Non-Energy Materials,1446
SLG,SL Green Realty Corp.,NYSE,Finance,6798
SLGN,Silgan Holdings Inc.,NASDAQ,Non-Energy Materials,3411
SLM,SLM Corp,NASDAQ,Finance,6141
SLP,"Simulations Plus, Inc.",NASDAQ,Healthcare,7372
SM,SM Energy Company,NYSE,Energy,1311
SMG,Scotts Miracle-Gro Company Class A,NYSE,Non-Energy Materials,2873
SMP,"Standard Motor Products, Inc.",NYSE,Consumer Cyclicals,3714
SMTC,Semtech Corporation,NASDAQ,Technology,3674
SNA,Snap-on Incorporated,NYSE,Industrials,3423
SNBR,Sleep Number Corporation,NASDAQ,Consumer Non-Cyclicals,2515
SNEX,StoneX Group Inc.,NASDAQ,Finance,6221
SNPS,"Synopsys, Inc.",NASDAQ,Technology,7373
SNV,Synovus Financial Corp.,NYSE,Finance,6022
SNX,SYNNEX Corporation,NYSE,Technology,5045
SO,Southern Company,NYSE,Utilities,4911
SON,Sonoco Products Company,NYSE,Non-Energy Materials,2656
SPG,"Simon Property Group, Inc.",NYSE,Finance,6512
SPGI,"S&P Global, Inc.",NYSE,Technology,7323
SPOK,"Spok Holdings, Inc.",NASDAQ,Telecommunications,4899
SPPI,"Spectrum Pharmaceuticals, Inc.",NASDAQ,Healthcare,2834
SPSC,"SPS Commerce, Inc.",NASDAQ,Technology,7372
SPTN,SpartanNash Company,NASDAQ,Consumer Non-Cyclicals,5141
SPXC,SPX Corporation,NYSE,Industrials,3585
SR,Spire Inc.,NYSE,Utilities,4924
SRC,"Spirit Realty Capital, Inc.",NYSE,Finance,6798
SRCL,"Stericycle, Inc.",NASDAQ,Healthcare,4953
SRDX,Surmodics Inc,NASDAQ,Healthcare,3841
SRE,Sempra Energy,NYSE,Utilities,4932
SSD,"Simpson Manufacturing Co., Inc.",NYSE,Non-Energy Materials,2493
SSP,E. W. Scripps Company Class A,NASDAQ,Consumer Services,4833
SSTK,"Shutterstock, Inc.",NYSE,Technology,7374
STAR,iStar Inc.,NYSE,Finance,6798
STBA,"S&T Bancorp, Inc.",NASDAQ,Finance,6022
STC,Stewart Information Services Corporation,NYSE,Finance,6361
STE,STERIS Plc,NYSE,Healthcare,3841
STL,Sterling Bancorp,NYSE,Finance,6022
STLD,"Steel Dynamics, Inc.",NASDAQ,Non-Energy Materials,3312
STMP,Stamps.com Inc.,NASDAQ,Consumer Cyclicals,7389
STOR,STORE Capital Corporation,NYSE,Finance,6798
STRA,"Strategic Education, Inc.",NASDAQ,Consumer Non-Cyclicals,8221
STT,State Street Corporation,NYSE,Finance,6022
STX,Seagate Technology PLC,NASDAQ,Technology,3572
STZ,"Constellation Brands, Inc. Class A",NYSE,Consumer Non-Cyclicals,2082
SUPN,"Supernus Pharmaceuticals, Inc.",NASDAQ,Healthcare,2834
SVC,Service Properties Trust,NASDAQ,Finance,6798
SWK,"Stanley Black & Decker, Inc.",NYSE,Industrials,3546
SWKS,"Skyworks Solutions, Inc.",NASDAQ,Technology,3674
SWM,"Schweitzer-Mauduit International, Inc.",NYSE,Consumer Non-Cyclicals,2621
SWN,Southwestern Energy Company,NYSE,Energy,1311
SWX,"Southwest Gas Holdings, Inc.",NYSE,Industrials,4923
SXC,"SunCoke Energy, Inc.",NYSE,Energy,3312
SXI,Standex International Corporation,NYSE,Industrials,3585
SXT,Sensient Technologies Corporation,NYSE,Non-Energy Materials,2087
SYF,Synchrony Financial,NYSE,Finance,6153
SYK,Stryker Corporation,NYSE,Healthcare,3845
SYKE,"Sykes Enterprises, Incorporated",NASDAQ,Business Services,7373
SYNA,Synaptics Incorporated,NASDAQ,Technology,3674
SYNH,"Syneos Health, Inc. Class A",NASDAQ,Healthcare,8731
SYY,Sysco Corporation,NYSE,Consumer Services,5141
T,AT&T Inc.,NYSE,Telecommunications,4813
TALO,"Talos Energy, Inc.",NYSE,Energy,1311
TAP,Molson Coors Beverage Company Class B,NYSE,Consumer Non-Cyclicals,2082
TBI,"TrueBlue, Inc.",NYSE,Business Services,7363
TBK,"Triumph Bancorp, Inc.",NASDAQ,Finance,6022
TCBI,"Texas Capital Bancshares, Inc.",NASDAQ,Finance,6022
TCF,TCF Financial Corporation,NASDAQ,Finance,6022
TCMD,"Tactile Systems Technology, Inc.",NASDAQ,Healthcare,3841
TCO,"Taubman Centers, Inc.",NYSE,Finance,6798
TDC,Teradata Corporation,NYSE,Technology,7373
TDG,TransDigm Group Incorporated,NYSE,Industrials,3728
TDS,"Telephone and Data Systems, Inc.",NYSE,Telecommunications,4813
TDY,Teledyne Technologies Incorporated,NYSE,Industrials,3812
TECH,Bio-Techne Corporation,NASDAQ,Healthcare,2836
TEL,TE Connectivity Ltd.,NYSE,Technology,3679
TER,"Teradyne, Inc.",NASDAQ,Technology,3825
TEX,Terex Corporation,NYSE,Industrials,3537
TFC,Truist Financial Corporation,NYSE,Finance,6021
TFX,Teleflex Incorporated,NYSE,Healthcare,3841
TG,Tredegar Corporation,NYSE,Non-Energy Materials,3354
TGI,"Triumph Group, Inc.",NYSE,Industrials,3724
TGNA,"TEGNA, Inc.",NYSE,Consumer Services,4833
TGT,Target Corporation,NYSE,Consumer Non-Cyclicals,5399
THC,Tenet Healthcare Corporation,NYSE,Healthcare,8062
THG,"Hanover Insurance Group, Inc.",NYSE,Finance,6331
THO,"Thor Industries, Inc.",NYSE,Consumer Cyclicals,3792
THRM,Gentherm Incorporated,NASDAQ,Consumer Cyclicals,3714
THS,"TreeHouse Foods, Inc.",NYSE,Consumer Non-Cyclicals,2038
TIF,Tiffany & Co.,NYSE,Consumer Cyclicals,5944
TILE,"Interface, Inc.",NASDAQ,Consumer Non-Cyclicals,2273
TISI,"Team, Inc.",NYSE,Industrials,7349
TJX,TJX Companies Inc,NYSE,Consumer Non-Cyclicals,5651
TKR,Timken Company,NYSE,Industrials,3562
TMHC,Taylor Morrison Home Corporation,NYSE,Consumer Cyclicals,1531
TMO,Thermo Fisher Scientific Inc.,NYSE,Healthcare,3826
TMP,Tompkins Financial Corporation,NYSE AMERICAN,Finance,6022
TMST,TimkenSteel Corp,NYSE,Non-Energy Materials,3312
TMUS,"T-Mobile US, Inc.",NASDAQ,Telecommunications,4812
TNC,Tennant Company,NYSE,Industrials,3589
TOL,"Toll Brothers, Inc.",NYSE,Consumer Cyclicals,1531
TPH,TRI Pointe Group Inc,NYSE,Consumer Cyclicals,1531
TPR,"Tapestry, Inc.",NYSE,Consumer Cyclicals,5632
TPRE,Third Point Reinsurance Ltd.,NYSE,Finance,6331
TPX,Tempur Sealy International Inc,NYSE,Consumer Non-Cyclicals,2515
TR,"Tootsie Roll Industries, Inc.",NYSE,Consumer Non-Cyclicals,2064
TREE,"LendingTree, Inc.",NASDAQ,Technology,6141
TREX,"Trex Company, Inc.",NYSE,Non-Energy Materials,2429
TRHC,"Tabula Rasa Healthcare, Inc.",NASDAQ,Healthcare,7374
TRIP,"TripAdvisor, Inc.",NASDAQ,Consumer Services,4724
TRMB,Trimble Inc.,NASDAQ,Technology,3829
TRMK,Trustmark Corporation,NASDAQ,Finance,6021
TRN,"Trinity Industries, Inc.",NYSE,Industrials,3743
TROW,T. Rowe Price Group,NASDAQ,Finance,6282
TRST,TrustCo Bank Corp NY,NASDAQ,Finance,6022
TRUP,"Trupanion, Inc.",NASDAQ,Finance,6399
TRV,"Travelers Companies, Inc.",NYSE,Finance,6331
TSCO,Tractor Supply Company,NASDAQ,Consumer Cyclicals,5154
TSE,Trinseo SA,NYSE,Non-Energy Materials,2821
TSN,"Tyson Foods, Inc. Class A",NYSE,Consumer Non-Cyclicals,2011
TT,Trane Technologies plc,NYSE,Industrials,3585
TTC,Toro Company,NYSE,Industrials,3524
TTEC,"TTEC Holdings, Inc.",NASDAQ,Technology,8742
TTEK,"Tetra Tech, Inc.",NASDAQ,Industrials,8711
TTGT,"TechTarget, Inc.",NASDAQ,Technology,7389
TTMI,"TTM Technologies, Inc.",NASDAQ,Technology,3672
TTWO,"Take-Two Interactive Software, Inc.",NASDAQ,Technology,7372
TUP,Tupperware Brands Corporation,NYSE,Consumer Non-Cyclicals,3089
TVTY,"Tivity Health, Inc.",NASDAQ,Healthcare,8069
TWI,"Titan International, Inc.",NYSE,Industrials,5083
TWTR,"Twitter, Inc.",NYSE,Technology,2741
TXN,Texas Instruments Incorporated,NASDAQ,Technology,3674
TXRH,"Texas Roadhouse, Inc.",NASDAQ,Consumer Services,5812
TXT,Textron Inc.,NYSE,Industrials,3721
TYL,"Tyler Technologies, Inc.",NYSE,Business Services,7372
UAA,"Under Armour, Inc. Class A",NYSE,Consumer Cyclicals,2389
UAL,"United Airlines Holdings, Inc.",NASDAQ,Industrials,4512
UBA,Urstadt Biddle Properties Inc. Class A,NYSE,Finance,6512
UBSI,"United Bankshares, Inc.",NASDAQ,Finance,6022
UCBI,"United Community Banks, Inc.",NASDAQ,Finance,6022
UCTT,"Ultra Clean Holdings, Inc.",NASDAQ,Technology,3674
UDR,"UDR, Inc.",NYSE,Finance,6798
UE,Urban Edge Properties,NYSE,Finance,6798
UEIC,Universal Electronics Inc.,NASDAQ,Technology,3651
UFCS,"United Fire Group, Inc.",NASDAQ,Finance,6331
UFI,"Unifi, Inc.",NYSE,Non-Energy Materials,2282
UFPI,"UFP Industries, Inc.",NASDAQ,Non-Energy Materials,2439
UFS,Domtar Corporation,NYSE,Non-Energy Materials,2621
UGI,UGI Corporation,NYSE,Energy,5984
UHS,"Universal Health Services, Inc. Class B",NYSE,Healthcare,8062
UHT,Universal Health Realty Income Trust,NYSE,Finance,6798
UIHC,United Insurance Holdings Corp.,NASDAQ,Finance,6331
UIS,Unisys Corporation,NYSE,Technology,7373
ULTA,Ulta Beauty Inc,NASDAQ,Consumer Non-Cyclicals,5999
UMBF,UMB Financial Corporation,NASDAQ,Finance,6021
UMPQ,Umpqua Holdings Corporation,NASDAQ,Finance,6022
UNF,UniFirst Corporation,NYSE,Business Services,7218
UNFI,"United Natural Foods, Inc.",NYSE,Consumer Non-Cyclicals,5141
UNH,UnitedHealth Group Incorporated,NYSE,Healthcare,6324
UNIT,Uniti Group Inc,NASDAQ,Finance,6798
UNM,Unum Group,NYSE,Finance,6321
UNP,Union Pacific Corporation,NYSE,Industrials,4011
UNVR,"Univar Solutions, Inc.",NYSE,Industrials,5169
UPS,"United Parcel Service, Inc. Class B",NYSE,Industrials,4215
URBN,"Urban Outfitters, Inc.",NASDAQ,Consumer Cyclicals,5651
URI,"United Rentals, Inc.",NYSE,Industrials,7353
USB,U.S. Bancorp,NYSE,Finance,6021
USCR,"U.S. Concrete, Inc.",NASDAQ,Non-Energy Materials,3273
USNA,"USANA Health Sciences, Inc.",NYSE,Healthcare,2833
USPH,"U.S. Physical Therapy, Inc.",NYSE,Healthcare,8093
UTHR,United Therapeutics Corporation,NASDAQ,Healthcare,2834
UVE,"Universal Insurance Holdings, Inc.",NYSE,Finance,6331
UVV,Universal Corp,NYSE,Consumer Non-Cyclicals,5159
V,Visa Inc. Class A,NYSE,Finance,7389
VAC,Marriott Vacations Worldwide Corporation,NYSE,Consumer Services,7011
VAR,"Varian Medical Systems, Inc.",NYSE,Healthcare,3845
VBTX,"Veritex Holdings, Inc.",NASDAQ,Finance,6021
VC,Visteon Corporation,NASDAQ,Consumer Cyclicals,3714
VECO,Veeco Instruments Inc.,NASDAQ,Technology,3674
VFC,V.F. Corporation,NYSE,Consumer Cyclicals,2393
VG,Vonage Holdings Corp.,NASDAQ,Telecommunications,4813
VGR,Vector Group Ltd.,NYSE,Consumer Non-Cyclicals,2111
VIAC,ViacomCBS Inc. Class B,NASDAQ,Consumer Services,4841
VIAV,Viavi Solutions Inc,NASDAQ,Technology,7373
VICR,Vicor Corporation,NASDAQ,Technology,3679
VIVO,"Meridian Bioscience, Inc.",NASDAQ,Healthcare,2835
VLO,Valero Energy Corporation,NYSE,Energy,2911
VLY,Valley National Bancorp,NASDAQ,Finance,6021
VMC,Vulcan Materials Company,NYSE,Non-Energy Materials,1429
VMI,"Valmont Industries, Inc.",NYSE,Non-Energy Materials,3441
VNDA,Vanda Pharmaceuticals Inc.,NASDAQ,Healthcare,2834
VNO,Vornado Realty Trust,NYSE,Finance,6798
VNT,Vontier Corp,NYSE,Industrials,@NA
VRA,"Vera Bradley, Inc.",NASDAQ,Consumer Cyclicals,5621
VREX,Varex Imaging Corporation,NASDAQ,Healthcare,3844
VRSK,Verisk Analytics Inc,NASDAQ,Business Services,7374
VRSN,"VeriSign, Inc.",NASDAQ,Technology,7371
VRTS,"Virtus Investment Partners, Inc.",NASDAQ,Finance,6282
VRTU,Virtusa Corporation,NASDAQ,Technology,7371
VRTV,Veritiv Corp,NYSE,Consumer Cyclicals,2652
VRTX,Vertex Pharmaceuticals Incorporated,NASDAQ,Healthcare,2834
VSAT,"ViaSat, Inc.",NASDAQ,Telecommunications,4899
VSH,"Vishay Intertechnology, Inc.",NYSE,Technology,3676
VSTO,Vista Outdoor Inc,NYSE,Consumer Cyclicals,3483
VTOL,Bristow Group Inc,NYSE,Energy,4522
VTR,"Ventas, Inc.",NYSE,Finance,6798
VTRS,"Viatris, Inc.",NASDAQ,Healthcare,2834
VVI,Viad Corp,NYSE,Business Services,7389
VVV,Valvoline Inc.,NYSE,Non-Energy Materials,2992
VZ,Verizon Communications Inc.,NYSE,Telecommunications,4813
WAB,Westinghouse Air Brake Technologies Corporation,NYSE,Industrials,3743
WABC,Westamerica Bancorporation,NASDAQ,Finance,6011
WAFD,"Washington Federal, Inc.",NASDAQ,Finance,6021
WAT,Waters Corporation,NYSE,Healthcare,3826
WBA,Walgreens Boots Alliance Inc,NASDAQ,Consumer Non-Cyclicals,5912
WBS,Webster Financial Corporation,NYSE,Finance,6021
WD,"Walker & Dunlop, Inc.",NYSE,Finance,6162
WDC,Western Digital Corporation,NASDAQ,Technology,3572
WDFC,WD-40 Company,NASDAQ,Non-Energy Materials,2992
WDR,"Waddell & Reed Financial, Inc. Class A",NYSE,Finance,6282
WEC,WEC Energy Group Inc,NYSE,Utilities,4911
WELL,"Welltower, Inc.",NYSE,Finance,6798
WEN,Wendy's Company,NASDAQ,Consumer Services,5812
WERN,"Werner Enterprises, Inc.",NASDAQ,Industrials,4213
WETF,"WisdomTree Investments, Inc.",NASDAQ,Finance,6282
WEX,WEX Inc.,NYSE,Finance,7389
WFC,Wells Fargo & Company,NYSE,Finance,6021
WGO,"Winnebago Industries, Inc.",NYSE,Consumer Cyclicals,3716
WH,"Wyndham Hotels & Resorts, Inc.",NYSE,Consumer Services,7011
WHR,Whirlpool Corporation,NYSE,Consumer Cyclicals,3633
WING,"Wingstop, Inc.",NASDAQ,Consumer Services,6794
WIRE,Encore Wire Corporation,NASDAQ,Industrials,3357
WLTW,Willis Towers Watson Public Limited Company,NASDAQ,Finance,6411
WM,"Waste Management, Inc.",NYSE,Business Services,4212
WMB,"Williams Companies, Inc.",NYSE,Energy,4922
WMT,Walmart Inc.,NYSE,Consumer Non-Cyclicals,5399
WNC,Wabash National Corporation,NYSE,Industrials,3715
WOR,"Worthington Industries, Inc.",NYSE,Non-Energy Materials,3312
WPX,"WPX Energy, Inc.",NYSE,Energy,1311
WRB,W. R. Berkley Corporation,NYSE,Finance,6331
WRE,Washington Real Estate Investment Trust,NYSE,Finance,6798
WRI,Weingarten Realty Investors,NYSE,Finance,6798
WRK,WestRock Company,NYSE,Non-Energy Materials,2653
WRLD,World Acceptance Corporation,NASDAQ,Finance,6141
WSM,"Williams-Sonoma, Inc.",NYSE,Consumer Cyclicals,5719
WSO,"Watsco, Inc.",NYSE,Industrials,5075
WSR,Whitestone REIT,NYSE,Finance,6798
WST,"West Pharmaceutical Services, Inc.",NYSE,Healthcare,3841
WTFC,Wintrust Financial Corporation,NASDAQ,Finance,6022
WTRG,"Essential Utilities, Inc.",NYSE,Utilities,4941
WTS,"Watts Water Technologies, Inc. Class A",NYSE,Industrials,3491
WU,Western Union Company,NYSE,Finance,6099
WW,"WW International, Inc.",NASDAQ,Consumer Non-Cyclicals,7299
WWD,"Woodward, Inc.",NASDAQ,Industrials,3728
WWE,"World Wrestling Entertainment, Inc. Class A",NYSE,Consumer Services,4841
WWW,"Wolverine World Wide, Inc.",NYSE,Consumer Cyclicals,3149
WY,Weyerhaeuser Company,NYSE,Finance,2421
WYND,"Wyndham Destinations, Inc.",NYSE,Consumer Services,7011
WYNN,"Wynn Resorts, Limited",NASDAQ,Consumer Services,7999
X,United States Steel Corporation,NYSE,Non-Energy Materials,3312
XEC,Cimarex Energy Co.,NYSE,Energy,1311
XEL,Xcel Energy Inc.,NASDAQ,Utilities,4931
XHR,"Xenia Hotels & Resorts, Inc.",NYSE,Finance,6798
XLNX,"Xilinx, Inc.",NASDAQ,Technology,3674
XNCR,"Xencor, Inc.",NASDAQ,Healthcare,2834
XOM,Exxon Mobil Corporation,NYSE,Energy,2911
XPER,Xperi Holding Corporation,NASDAQ,Technology,3674
XPO,"XPO Logistics, Inc.",NYSE,Industrials,4213
XRAY,"DENTSPLY SIRONA, Inc.",NASDAQ,Healthcare,3843
XRX,Xerox Holdings Corporation,NYSE,Technology,7374
XYL,Xylem Inc.,NYSE,Industrials,3561
Y,Alleghany Corporation,NYSE,Finance,6331
YELP,Yelp Inc,NYSE,Technology,7375
YETI,"YETI Holdings, Inc.",NYSE,Consumer Non-Cyclicals,3949
YUM,"Yum! Brands, Inc.",NYSE,Consumer Services,5812
ZBH,"Zimmer Biomet Holdings, Inc.",NYSE,Healthcare,3841
ZBRA,Zebra Technologies Corporation Class A,NASDAQ,Technology,3571
ZEUS,"Olympic Steel, Inc.",NASDAQ,Non-Energy Materials,3316
ZION,"Zions Bancorporation, N.A.",NASDAQ,Finance,6021
ZTS,"Zoetis, Inc. Class A",NYSE,Healthcare,2834
ZUMZ,Zumiez Inc.,NASDAQ,Consumer Cyclicals,5611
ZYXI,"Zynex, Inc.",NASDAQ,Healthcare,3845
